"PLOT","REP","INSTN","ITW","DATESP","DORPD","NSP","LGLNSP","LGLATSP1","LGLATSP2","LGLATSP3","LGLATSP4","LGLATSP5","LGLATSP6","AVLGLATSP","THASP","THLSP1","THLSP2","AVTHSP","FTW","PW_SPT"
"1","1","CIP308328.21","-56.0","2013-30-02","472.0","2.0","11.2","9.31","","","","","","9.31","9.42","7.21","","7.21","55.0","1.7857142857142856"
"2","2","CIP308328.21","37.3","2013-03-02","472.0","2.0","8.3","6.7","","","","","","6.7","6.25","3.9","","3.9","36.9","1.0723860589812295"
"3","3","CIP308328.21","42.5","2013-03-02","472.0","4.0","10.1","7.2","6.87","6.34","","","","6.803333333333334","5.16","5.55","5.29","5.42","41.9","1.4117647058823564"
"4","4","CIP308328.21","34.6","2013-03-02","472.0","2.0","11.09","8.67","","","","","","8.67","4.08","4.14","","4.14","32.9","4.913294797687869"
"5","5","CIP308328.21","31.4","2012-02-29","105.0","3.0","10.14","7.14","8.32","","","","","7.73","6.09","6.87","6.02","6.445","29.9","4.777070063694268"
"6","1","CIP308328.25","39.6","2012-02-24","100.0","2.0","5.31","4.29","","","","","","4.29","3.29","1.9","","1.9","39.3","0.7575757575757683"
"7","2","CIP308328.25","23.7","2012-02-24","100.0","2.0","5.91","5.0","","","","","","5.0","4.0","3.2","","3.2","23.4","1.2658227848101298"
"8","3","CIP308328.25","39.1","2012-02-24","100.0","2.0","5.09","5.09","","","","","","5.09","3.545","2.545","","2.545","38.8","0.7672634271099853"
"9","4","CIP308328.25","47.7","2012-02-24","100.0","1.0","5.56","","","","","","","","3.02","","","","47.4","0.6289308176100717"
"10","5","CIP308328.25","27.1","2012-03-24","129.0","1.0","5.4","","","","","","","","3.51","","","","26.7","1.4760147601476092"
"11","1","CIP308328.72","8.1","2012-03-10","115.0","1.0","2.24","","","","","","","","1.5","","","","7.4","8.641975308641966"
"12","2","CIP308328.72","17.5","2012-03-10","115.0","1.0","2.0","","","","","","","","1.8","","","","16.8","3.999999999999996"
"13","3","CIP308328.72","10.6","2012-03-10","115.0","1.0","3.1","","","","","","","","1.6","","","","9.9","6.603773584905653"
"14","4","CIP308328.72","8.0","2012-03-10","115.0","1.0","2.3","","","","","","","","1.2","","","","7.3","8.750000000000002"
"15","5","CIP308328.72","11.9","2012-02-10","86.0","1.0","2.1","","","","","","","","1.9","","","","11.2","5.88235294117648"
"16","1","CIP308328.110","17.6","2012-02-15","91.0","1.0","3.7","","","","","","","","1.8","","","","17.2","2.2727272727272845"
"17","2","CIP308328.110","21.8","2012-02-15","91.0","1.0","4.0","","","","","","","","2.0","","","","21.4","1.8348623853211108"
"18","3","CIP308328.110","18.9","2012-02-15","91.0","1.0","2.3","","","","","","","","2.0","","","","18.4","2.6455026455026456"
"19","4","CIP308328.110","25.5","2012-02-15","91.0","1.0","2.1","","","","","","","","1.7","","","","25.1","1.5686274509803866"
"20","5","CIP308328.110","13.4","2012-03-15","120.0","1.0","2.2","","","","","","","","1.3","","","","12.9","3.731343283582089"
"21","1","CIP308328.51","23.7","2012-03-02","107.0","1.0","5.2","","","","","","","","6.5","","","","23.0","2.9535864978902926"
"22","2","CIP308328.51","20.3","2012-03-02","107.0","1.0","5.6","","","","","","","","5.8","","","","19.8","2.463054187192118"
"23","3","CIP308328.51","24.6","2012-03-02","107.0","1.0","4.9","","","","","","","","5.6","","","","24.3","1.219512195121954"
"24","4","CIP308328.51","16.2","2012-03-02","107.0","1.0","6.2","","","","","","","","6.3","","","","15.7","3.08641975308642"
"25","5","CIP308328.51","17.0","2012-02-02","78.0","1.0","5.8","","","","","","","","5.9","","","","16.7","1.7647058823529453"
"26","1","CIP308328.181","15.0","2012-02-10","86.0","1.0","5.34","","","","","","","","4.11","","","","14.0","6.666666666666667"
"27","2","CIP308328.181","21.1","2012-02-10","86.0","1.0","8.26","","","","","","","","5.21","","","","20.1","4.739336492890995"
"28","3","CIP308328.181","13.7","2012-02-10","86.0","1.0","4.86","","","","","","","","5.1","","","","12.7","7.299270072992702"
"29","4","CIP308328.181","14.7","2012-02-10","86.0","1.0","7.83","","","","","","","","3.67","","","","13.7","6.802721088435375"
"30","5","CIP308328.181","18.8","2012-02-10","86.0","1.0","8.73","","","","","","","","4.68","","","","17.3","7.978723404255319"
"31","1","CIP308328.7","10.1","2012-02-27","103.0","1.0","3.6","","","","","","","","2.7","","","","9.8","2.9702970297029596"
"32","2","CIP308328.7","8.6","2012-02-27","103.0","1.0","4.1","","","","","","","","2.6","","","","8.4","2.3255813953488293"
"33","3","CIP308328.7","12.9","2012-02-27","103.0","1.0","3.9","","","","","","","","3.1","","","","12.7","1.5503875968992331"
"34","4","CIP308328.7","10.2","2012-02-27","103.0","1.0","3.7","","","","","","","","3.4","","","","9.9","2.9411764705882253"
"35","5","CIP308328.7","11.5","2012-03-27","132.0","1.0","4.0","","","","","","","","3.4","","","","11.3","1.7391304347826024"
"36","1","CIP308328.81","5.6","2012-03-12","117.0","2.0","2.3","2.0","","","","","","2.0","2.1","1.5","","1.5","5.4","3.5714285714285587"
"37","2","CIP308328.81","10.5","2012-03-12","117.0","1.0","2.1","","","","","","","","1.8","","","","10.3","1.904761904761898"
"38","3","CIP308328.81","2.5","2012-03-12","117.0","2.0","2.2","2.1","","","","","","2.1","2.0","1.9","","1.9","2.3","8.000000000000007"
"39","4","CIP308328.81","4.0","2012-03-12","117.0","1.0","2.3","","","","","","","","2.0","","","","3.9","2.500000000000002"
"40","5","CIP308328.81","3.0","2012-02-12","88.0","1.0","2.5","","","","","","","","1.7","","","","2.7","9.999999999999993"
"41","1","CIP308328.40","12.0","2012-02-15","91.0","1.0","2.6","","","","","","","","5.2","","","","11.8","1.6666666666666607"
"42","2","CIP308328.40","14.6","2012-02-15","91.0","1.0","2.7","","","","","","","","4.1","","","","14.4","1.3698630136986254"
"43","3","CIP308328.40","26.2","2012-02-15","91.0","1.0","2.3","","","","","","","","3.5","","","","26.0","0.7633587786259515"
"44","4","CIP308328.40","11.1","2012-02-15","91.0","1.0","3.0","","","","","","","","2.9","","","","11.0","0.9009009009008978"
"45","5","CIP308328.40","14.6","2012-03-15","120.0","1.0","2.0","","","","","","","","2.6","","","","14.4","1.3698630136986254"
"46","1","CIP308328.36","13.0","2012-03-19","124.0","1.0","4.5","","","","","","","","2.6","","","","11.2","13.846153846153852"
"47","2","CIP308328.36","9.8","2012-03-19","124.0","1.0","4.9","","","","","","","","2.9","","","","8.8","10.20408163265306"
"48","3","CIP308328.36","6.7","2012-03-19","124.0","1.0","3.9","","","","","","","","2.8","","","","5.6","16.4179104477612"
"49","4","CIP308328.36","6.2","2012-03-19","124.0","1.0","5.2","","","","","","","","3.0","","","","5.7","8.064516129032258"
"50","5","CIP308328.36","9.5","2012-01-19","64.0","1.0","6.2","","","","","","","","2.5","","","","8.8","7.368421052631572"
"51","1","CIP308328.56","85.5","2012-01-26","71.0","2.0","21.33","9.31","","","","","","9.31","9.42","7.21","","7.21","77.28","9.614035087719298"
"52","2","CIP308328.56","31.9","2012-01-26","71.0","2.0","14.46","6.7","","","","","","6.7","6.25","3.9","","3.9","28.86","9.529780564263321"
"53","3","CIP308328.56","90.1","2012-01-26","71.0","4.0","8.32","8.32","6.87","6.34","","","","7.176666666666667","7.16","7.55","7.29","7.42","83.36","7.480577136514978"
"54","4","CIP308328.56","32.6","2012-01-26","71.0","2.0","11.09","8.67","","","","","","8.67","4.08","4.14","","4.14","29.58","9.263803680981605"
"55","5","CIP308328.56","73.1","2012-01-26","71.0","3.0","10.14","7.14","8.32","","","","","7.73","6.09","6.87","6.02","6.445","66.57","8.932968536251712"
"56","1","CIP308328.16","9.6","2012-01-26","71.0","1.0","9.56","","","","","","","","2.92","","","","7.94","17.29166666666666"
"57","2","CIP308328.16","10.5","2012-01-26","71.0","1.0","5.73","","","","","","","","2.83","","","","9.66","7.999999999999999"
"58","3","CIP308328.16","9.8","2012-01-26","71.0","2.0","10.88","11.67","","","","","","11.67","2.68","2.95","","2.95","8.62","12.040816326530626"
"59","4","CIP308328.16","6.2","2012-01-26","71.0","1.0","16.6","","","","","","","","1.56","","","","5.44","12.258064516129028"
"60","5","CIP308328.16","8.5","2012-01-26","71.0","1.0","13.07","","","","","","","","3.13","","","","7.28","14.352941176470585"
"61","1","CIP308328.94","5.6","2012-01-26","71.0","1.0","8.0","","","","","","","","2.14","","","","4.78","14.642857142857132"
"62","2","CIP308328.94","2.2","2012-01-26","71.0","1.0","5.13","","","","","","","","2.03","","","","1.89","14.0909090909091"
"63","3","CIP308328.94","4.6","2012-01-26","71.0","1.0","","8.51","","","","","","8.51","","2.38","","2.38","4.14","10.0"
"64","4","CIP308328.94","5.5","2012-01-26","71.0","4.0","4.13","3.55","3.02","3.01","","","","3.1933333333333334","1.83","1.52","1.16","1.3399999999999999","4.9","10.909090909090903"
"65","5","CIP308328.94","3.0","2012-01-26","71.0","1.0","2.71","","","","","","","","1.81","","","","2.69","10.333333333333334"
"66","1","CIP308328.210","8.4","2012-01-26","71.0","1.0","11.37","","","","","","","","2.71","","","","7.61","9.404761904761905"
"67","2","CIP308328.210","7.1","2012-01-26","71.0","1.0","10.84","","","","","","","","3.51","","","","6.52","8.169014084507044"
"68","3","CIP308328.210","9.6","2012-01-26","71.0","1.0","","5.54","","","","","","5.54","","3.68","","3.68","9.01","6.145833333333332"
"69","4","CIP308328.210","8.7","2012-01-26","71.0","1.0","10.03","","","","","","","","3.31","","","","7.89","9.310344827586203"
"70","5","CIP308328.210","16.2","2012-01-26","71.0","1.0","13.02","","","","","","","","4.44","","","","14.98","7.530864197530858"
"71","1","CIP308328.65","13.3","2012-01-26","71.0","2.0","9.13","6.03","","","","","","6.03","3.02","3.78","","3.78","12.48","6.165413533834588"
"72","2","CIP308328.65","15.5","2012-01-26","71.0","1.0","5.35","","","","","","","","3.06","","","","14.48","6.58064516129032"
"73","3","CIP308328.65","15.2","2012-01-26","71.0","1.0","4.71","","","","","","","","3.33","","","","14.49","4.671052631578942"
"74","4","CIP308328.65","20.1","2012-01-26","71.0","2.0","6.15","5.18","","","","","","5.18","3.11","2.67","","2.67","18.83","6.3184079601990195"
"75","5","CIP308328.65","28.7","2012-02-26","102.0","1.0","6.41","","","","","","","","3.26","","","","26.93","6.1672473867595805"
"76","1","CIP308328.232","15.5","2012-02-27","103.0","1.0","2.8","","","","","","","","2.0","","","","14.7","5.16129032258065"
"77","2","CIP308328.232","13.6","2012-02-27","103.0","1.0","2.6","","","","","","","","1.9","","","","12.7","6.6176470588235325"
"78","3","CIP308328.232","19.7","2012-02-27","103.0","1.0","2.5","","","","","","","","2.6","","","","18.5","6.0913705583756315"
"79","4","CIP308328.232","14.2","2012-02-27","103.0","1.0","3.2","","","","","","","","2.0","","","","13.2","7.042253521126761"
"80","5","CIP308328.232","13.4","2012-01-27","72.0","1.0","3.1","","","","","","","","2.5","","","","12.5","6.716417910447764"
"81","1","CIP308328.18","16.3","2012-01-26","71.0","1.0","7.73","","","","","","","","3.87","","","","13.18","19.141104294478534"
"82","2","CIP308328.18","11.5","2012-01-26","71.0","1.0","","7.13","","","","","","7.13","","5.01","","5.01","11.07","3.7391304347826058"
"83","3","CIP308328.18","15.2","2012-01-26","71.0","2.0","8.83","5.9","","","","","","5.9","2.75","1.87","","1.87","13.24","12.894736842105258"
"84","4","CIP308328.18","13.6","2012-01-26","71.0","2.0","11.29","9.96","","","","","","9.96","2.3","1.72","","1.72","11.31","16.83823529411764"
"85","5","CIP308328.18","11.5","2012-01-26","71.0","1.0","12.45","","","","","","","","2.52","","","","7.51","34.69565217391305"
"86","1","CIP308328.89","23.2","2012-01-26","71.0","2.0","8.53","8.53","","","","","","8.53","5.22","3.28","","3.28","21.2","8.620689655172415"
"87","2","CIP308328.89","19.4","2012-01-26","71.0","1.0","6.11","","","","","","","","5.02","","","","18.17","6.340206185566995"
"88","3","CIP308328.89","20.4","2012-01-26","71.0","2.0","9.76","5.71","","","","","","5.71","7.16","3.5","","3.5","18.35","10.049019607843125"
"89","4","CIP308328.89","26.3","2012-01-26","71.0","1.0","5.88","","","","","","","","2.21","","","","24.46","6.996197718631178"
"90","5","CIP308328.89","18.5","2012-03-26","131.0","1.0","2.07","","","","","","","","2.05","","","","17.83","3.6216216216216313"
"91","1","CIP308328.29","1.8","2012-03-14","119.0","1.0","1.999","","","","","","","","2.12","","","","1.4","22.22222222222223"
"92","4","CIP308328.29","1.4","2012-03-14","119.0","1.0","2.0","","","","","","","","2.3","","","","1.2","14.285714285714283"
"93","1","CIP308328.19","8.0","2012-03-05","110.0","1.0","3.6","","","","","","","","2.6","","","","7.9","1.2499999999999956"
"94","2","CIP308328.19","5.9","2012-03-05","110.0","2.0","3.4","3.1","","","","","","3.1","3.0","3.0","","3.0","5.7","3.3898305084745792"
"95","3","CIP308328.19","6.7","2012-03-05","110.0","1.0","4.0","","","","","","","","2.8","","","","6.7","0.0"
"96","4","CIP308328.19","8.2","2012-03-05","110.0","1.0","4.6","","","","","","","","2.8","","","","8.1","1.219512195121947"
"97","5","CIP308328.19","7.2","2012-02-05","81.0","1.0","4.5","","","","","","","","2.9","","","","7.2","0.0"
"98","1","CIP308328.22","11.9","2012-02-08","84.0","1.0","8.7","","","","","","","","3.0","","","","9.8","17.647058823529406"
"99","2","CIP308328.22","11.6","2012-02-08","84.0","1.0","7.5","","","","","","","","2.0","","","","9.3","19.827586206896544"
"100","3","CIP308328.22","10.0","2012-02-08","84.0","1.0","6.9","","","","","","","","2.8","","","","7.6","24.000000000000004"
"101","4","CIP308328.22","11.9","2012-02-08","84.0","1.0","5.8","","","","","","","","2.6","","","","9.5","20.16806722689076"
"102","5","CIP308328.22","20.6","2012-02-08","84.0","1.0","4.9","","","","","","","","2.0","","","","17.8","13.59223300970874"
"103","1","CIP308328.63","3.4","2012-02-29","105.0","1.0","5.2","","","","","","","","2.0","","","","2.4","29.411764705882355"
"104","2","CIP308328.63","3.3","2012-02-29","105.0","1.0","3.5","","","","","","","","1.9","","","","2.3","30.303030303030305"
"105","3","CIP308328.63","5.4","2012-02-29","105.0","1.0","2.9","","","","","","","","1.5","","","","4.5","16.66666666666667"
"106","4","CIP308328.63","7.1","2012-02-29","105.0","1.0","4.8","","","","","","","","2.2","","","","6.1","14.084507042253522"
"107","1","CIP308328.55","7.2","2012-02-08","84.0","1.0","4.1","","","","","","","","2.9","","","","6.6","8.333333333333341"
"108","2","CIP308328.55","10.5","2012-02-08","84.0","1.0","2.3","","","","","","","","2.1","","","","9.9","5.714285714285711"
"109","3","CIP308328.55","11.6","2012-02-08","84.0","1.0","3.8","","","","","","","","4.2","","","","11.0","5.172413793103446"
"110","4","CIP308328.55","9.6","2012-02-08","84.0","2.0","7.4","6.5","","","","","","6.5","3.5","2.6","","2.6","8.9","7.29166666666666"
"111","5","CIP308328.55","10.3","2012-03-08","113.0","2.0","5.8","5.7","","","","","","5.7","3.1","3.0","","3.0","9.6","6.796116504854378"
"112","1","CIP308328.31","6.3","2012-03-02","107.0","2.0","4.3","3.1","","","","","","3.1","2.8","2.8","","2.8","5.9","6.349206349206341"
"113","2","CIP308328.31","12.1","2012-03-02","107.0","1.0","4.2","","","","","","","","2.5","","","","11.8","2.479338842975198"
"114","3","CIP308328.31","12.9","2012-03-02","107.0","1.0","4.5","","","","","","","","2.6","","","","12.8","0.7751937984496096"
"115","4","CIP308328.31","5.1","2012-03-02","107.0","1.0","3.6","","","","","","","","2.5","","","","4.7","7.843137254901951"
"116","5","CIP308328.31","12.9","2012-02-02","78.0","1.0","3.7","","","","","","","","2.4","","","","12.6","2.3255813953488427"
"117","1","CIP308328.131","1.7","2012-02-17","93.0","1.0","2.0","","","","","","","","1.5","","","","1.1","35.29411764705881"
"118","2","CIP308328.131","1.3","2012-02-17","93.0","1.0","2.5","","","","","","","","2.0","","","","0.7","46.15384615384615"
"119","3","CIP308328.131","1.5","2012-02-17","93.0","1.0","2.3","","","","","","","","2.1","","","","0.9","40.0"
"120","4","CIP308328.131","1.4","2012-02-17","93.0","1.0","2.0","","","","","","","","2.5","","","","0.8","42.85714285714285"
"121","5","CIP308328.131","1.0","2012-01-17","62.0","1.0","2.0","","","","","","","","2.1","","","","0.4","60.0"
"122","1","CIP308328.214","15.1","2012-01-26","71.0","2.0","10.03","7.63","","","","","","7.63","2.92","3.85","","3.85","14.06","6.887417218543041"
"123","2","CIP308328.214","11.4","2012-01-26","71.0","1.0","13.51","","","","","","","","3.29","","","","10.44","8.421052631578954"
"124","3","CIP308328.214","21.1","2012-01-26","71.0","3.0","12.84","6.9","6.18","","","","","6.54","3.48","4.47","2.84","3.655","19.61","7.061611374407592"
"125","4","CIP308328.214","8.8","2012-01-26","71.0","2.0","14.61","7.16","","","","","","7.16","2.4","2.6","","2.6","7.81","11.25000000000001"
"126","5","CIP308328.214","25.5","2012-02-26","102.0","1.0","11.15","","","","","","","","7.84","","","","22.32","12.470588235294116"
"127","1","CIP308328.229","1.7","2012-02-08","84.0","1.0","3.5","","","","","","","","1.5","","","","0.7","58.82352941176471"
"128","2","CIP308328.229","2.92","2012-02-08","84.0","1.0","3.2","","","","","","","","2.0","","","","1.9","34.93150684931507"
"129","3","CIP308328.229","2.6","2012-02-08","84.0","1.0","3.6","","","","","","","","2.0","","","","1.6","38.46153846153846"
"130","4","CIP308328.229","2.5","2012-02-08","84.0","1.0","2.5","","","","","","","","2.0","","","","1.5","40.0"
"131","5","CIP308328.229","2.9","2012-02-08","84.0","1.0","2.6","","","","","","","","1.5","","","","1.4","51.724137931034484"
"132","1","CIP308328.164","9.9","2012-02-08","84.0","2.0","6.8","4.6","","","","","","4.6","2.3","2.8","","2.8","8.4","15.151515151515152"
"133","2","CIP308328.164","11.3","2012-02-08","84.0","1.0","5.3","","","","","","","","2.5","","","","10.2","9.734513274336296"
"134","3","CIP308328.164","10.1","2012-02-08","84.0","1.0","6.2","","","","","","","","2.6","","","","9.6","4.9504950495049505"
"135","4","CIP308328.164","7.2","2012-02-08","84.0","1.0","4.9","","","","","","","","2.5","","","","6.6","8.333333333333341"
"136","5","CIP308328.164","8.9","2012-02-08","84.0","1.0","5.2","","","","","","","","2.4","","","","7.8","12.359550561797757"
"137","1","CIP308328.112","5.0","2012-02-17","93.0","1.0","4.6","","","","","","","","4.6","","","","4.6","8.000000000000007"
"138","2","CIP308328.112","7.9","2012-02-17","93.0","1.0","5.5","","","","","","","","5.5","","","","7.6","3.797468354430389"
"139","3","CIP308328.112","8.0","2012-02-17","93.0","1.0","5.9","","","","","","","","5.9","","","","7.5","6.25"
"140","5","CIP308328.112","5.3","2012-01-17","62.0","1.0","5.6","","","","","","","","5.6","","","","4.9","7.547169811320745"
"141","1","CIP308328.205","28.1","2012-01-26","71.0","2.0","5.81","6.42","","","","","","6.42","2.49","2.25","","2.25","26.34","6.263345195729543"
"142","2","CIP308328.205","19.1","2012-01-26","71.0","2.0","11.37","5.46","","","","","","5.46","2.31","2.06","","2.06","18.19","4.7643979057591626"
"143","3","CIP308328.205","20.4","2012-01-26","71.0","1.0","8.68","","","","","","","","3.1","","","","19.36","5.098039215686271"
"144","4","CIP308328.205","19.9","2012-01-26","71.0","1.0","7.49","","","","","","","","3.39","","","","19.06","4.221105527638191"
"145","5","CIP308328.205","17.9","2012-01-26","71.0","2.0","5.74","5.01","","","","","","5.01","2.66","2.31","","2.31","17.07","4.636871508379879"
"146","1","CIP308328.170","22.4","2012-01-26","71.0","1.0","6.2","","","","","","","","3.34","","","","21.1","5.803571428571416"
"147","2","CIP308328.170","28.7","2012-01-26","71.0","2.0","10.45","5.25","","","","","","5.25","2.85","2.81","","2.81","26.88","6.3414634146341475"
"148","3","CIP308328.170","49.1","2012-01-26","71.0","1.0","12.5","","","","","","","","7.13","","","","46.56","5.173116089613033"
"149","4","CIP308328.170","34.8","2012-01-26","71.0","1.0","7.2","","","","","","","","4.34","","","","33.32","4.252873563218382"
"150","5","CIP308328.170","52.2","2012-01-26","71.0","1.0","8.79","","","","","","","","5.78","","","","50.47","3.3141762452107355"
"151","1","CIP308328.166","18.9","2012-01-26","71.0","1.0","6.28","","","","","","","","3.96","","","","17.92","5.185185185185169"
"152","2","CIP308328.166","23.3","2012-01-26","71.0","1.0","5.02","","","","","","","","2.44","","","","22.29","4.33476394849786"
"153","3","CIP308328.166","20.6","2012-01-26","71.0","1.0","5.91","","","","","","","","6.86","","","","19.45","5.582524271844671"
"154","4","CIP308328.166","26.3","2012-01-26","71.0","1.0","6.86","","","","","","","","3.85","","","","25.53","2.9277566539923936"
"155","5","CIP308328.166","33.6","2012-02-26","102.0","1.0","5.04","","","","","","","","3.65","","","","32.49","3.3035714285714266"
"156","1","CIP308328.100","30.8","2012-02-01","77.0","6.0","3.1","3.0","3.0","2.0","2.0","2.0","","2.4","4.5","4.0","3.9","3.95","29.7","3.571428571428576"
"157","2","CIP308328.100","67.4","2012-02-01","77.0","6.0","2.4","2.3","2.1","2.0","2.0","2.0","","2.08","3.5","3.1","3.0","3.05","63.4","5.934718100890217"
"158","3","CIP308328.100","53.3","2012-02-01","77.0","6.0","2.2","2.2","2.2","2.0","2.0","2.0","","2.08","3.5","3.2","3.0","3.1","50.7","4.878048780487795"
"159","4","CIP308328.100","30.9","2012-02-01","77.0","6.0","2.1","2.1","2.0","2.0","2.0","1.9","","2.0","3.8","3.5","3.0","3.25","28.2","8.7378640776699"
"160","5","CIP308328.100","44.0","2012-01-01","46.0","6.0","2.1","2.1","2.0","2.0","2.0","2.0","","2.02","3.5","3.5","3.0","3.25","41.4","5.909090909090913"
"161","1","CIP308328.165","13.1","2012-01-26","71.0","1.0","","4.96","","","","","","4.96","","1.43","","1.43","12.48","4.73282442748091"
"162","2","CIP308328.165","17.8","2012-01-26","71.0","1.0","","7.89","","","","","","7.89","","3.26","","3.26","16.6","6.741573033707861"
"163","3","CIP308328.165","18.4","2012-01-26","71.0","1.0","","9.43","","","","","","9.43","","5.39","","5.39","17.15","6.793478260869566"
"164","4","CIP308328.165","21.6","2012-01-26","71.0","1.0","","14.57","","","","","","14.57","","3.07","","3.07","20.24","6.296296296296309"
"165","5","CIP308328.165","31.3","2012-02-26","102.0","1.0","","15.59","","","","","","15.59","","5.12","","5.12","29.58","5.495207667731637"
"166","1","CIP308328.52","34.4","2012-02-20","96.0","1.0","8.2","","","","","","","","3.6","","","","28.4","17.441860465116278"
"167","2","CIP308328.52","33.4","2012-02-20","96.0","1.0","7.6","","","","","","","","3.5","","","","27.4","17.964071856287426"
"168","3","CIP308328.52","16.2","2012-02-20","96.0","1.0","6.8","","","","","","","","2.9","","","","10.3","36.419753086419746"
"169","4","CIP308328.52","30.2","2012-02-20","96.0","1.0","6.3","","","","","","","","4.0","","","","24.2","19.867549668874172"
"170","5","CIP308328.52","45.2","2012-01-20","65.0","1.0","5.9","","","","","","","","3.8","","","","38.9","13.93805309734514"
"171","1","CIP308328.30","27.3","2012-01-26","71.0","1.0","9.74","","","","","","","","6.76","","","","25.95","4.945054945054951"
"172","2","CIP308328.30","19.0","2012-01-26","71.0","1.0","14.24","","","","","","","","5.0","","","","17.75","6.578947368421052"
"173","3","CIP308328.30","21.9","2012-01-26","71.0","1.0","13.98","","","","","","","","4.94","","","","20.32","7.2146118721461105"
"174","4","CIP308328.30","36.9","2012-01-26","71.0","2.0","21.55","9.84","","","","","","9.84","5.33","4.68","","4.68","34.56","6.341463414634137"
"175","5","CIP308328.30","28.5","2012-02-26","102.0","3.0","13.78","10.38","12.37","","","","","11.375","5.23","2.83","4.54","3.685","25.9","9.122807017543865"
"176","1","CIP308328.44","14.9","2012-02-15","91.0","1.0","2.4","","","","","","","","3.0","","","","13.9","6.7114093959731544"
"177","2","CIP308328.44","17.5","2012-02-15","91.0","1.0","2.0","","","","","","","","3.4","","","","17.0","2.857142857142857"
"178","3","CIP308328.44","15.3","2012-02-15","91.0","1.0","1.99","","","","","","","","2.3","","","","15.0","1.9607843137254948"
"179","4","CIP308328.44","30.0","2012-02-15","91.0","1.0","2.1","","","","","","","","1.5","","","","28.0","6.666666666666667"
"180","5","CIP308328.44","25.8","2012-03-15","120.0","1.0","2.0","","","","","","","","1.2","","","","23.0","10.852713178294577"
"181","2","CIP308328.98","10.6","2012-03-09","114.0","1.0","2.3","","","","","","","","2.0","","","","10.2","3.7735849056603805"
"182","3","CIP308328.98","9.4","2012-03-09","114.0","1.0","2.5","","","","","","","","1.5","","","","9.1","3.191489361702135"
"183","5","CIP308328.98","7.6","2012-02-09","85.0","1.0","2.4","","","","","","","","2.0","","","","7.3","3.947368421052629"
"184","1","CIP308328.113","11.0","2012-02-15","91.0","5.0","3.8","3.6","3.5","3.5","3.5","","","3.525","2.5","2.5","2.0","2.25","8.0","27.27272727272727"
"185","2","CIP308328.113","10.8","2012-02-15","91.0","5.0","3.5","3.0","3.0","3.0","3.0","","","3.0","2.4","2.0","2.0","2.0","7.8","27.777777777777786"
"186","3","CIP308328.113","14.3","2012-02-15","91.0","5.0","4.1","4.0","3.5","3.4","3.0","","","3.475","2.5","2.0","2.0","2.0","11.0","23.07692307692308"
"187","4","CIP308328.113","12.6","2012-02-15","91.0","5.0","5.0","3.5","3.4","3.3","2.5","","","3.175","2.3","2.0","2.0","2.0","9.8","22.222222222222214"
"188","5","CIP308328.113","16.3","2012-02-15","91.0","5.0","3.5","3.0","2.8","2.5","2.5","","","2.7","2.0","2.0","2.0","2.0","13.0","20.245398773006137"
"189","1","CIP308328.43","15.1","2012-02-13","89.0","1.0","3.2","","","","","","","","3.5","","","","14.6","3.3112582781456954"
"190","2","CIP308328.43","33.3","2012-02-13","89.0","1.0","3.5","","","","","","","","2.6","","","","32.9","1.201201201201197"
"191","3","CIP308328.43","11.2","2012-02-13","89.0","1.0","3.4","","","","","","","","2.8","","","","10.8","3.5714285714285587"
"192","4","CIP308328.43","20.8","2012-02-13","89.0","1.0","3.3","","","","","","","","2.1","","","","20.5","1.4423076923076956"
"193","5","CIP308328.43","15.3","2012-02-13","89.0","1.0","3.0","","","","","","","","2.0","","","","15.0","1.9607843137254948"
"194","1","CIP308328.47","20.4","2012-02-27","103.0","1.0","5.72","","","","","","","","2.89","","","","18.0","11.764705882352935"
"195","2","CIP308328.47","10.7","2012-02-27","103.0","1.0","4.11","","","","","","","","2.57","","","","9.2","14.018691588785048"
"196","3","CIP308328.47","13.1","2012-02-27","103.0","1.0","5.21","","","","","","","","2.34","","","","11.5","12.213740458015266"
"197","4","CIP308328.47","8.9","2012-02-27","103.0","1.0","5.1","","","","","","","","2.89","","","","7.3","17.977528089887645"
"198","5","CIP308328.47","9.8","2012-01-27","72.0","1.0","3.67","","","","","","","","2.68","","","","6.9","29.591836734693878"
"199","1","CIP308328.68","47.3","2012-01-27","72.0","2.0","2.5","2.38","","","","","","2.38","1.25","1.46","","1.46","44.16","6.638477801268501"
"200","2","CIP308328.68","54.3","2012-01-27","72.0","3.0","","4.74","1.5","2.32","","","","2.8533333333333335","","3.67","3.32","3.495","48.57","10.552486187845298"
"201","3","CIP308328.68","46.7","2012-01-27","72.0","1.0","3.94","","","","","","","","1.26","","","","43.56","6.723768736616703"
"202","4","CIP308328.68","39.5","2012-01-27","72.0","1.0","3.98","","","","","","","","2.04","","","","37.3","5.569620253164564"
"203","5","CIP308328.68","51.2","2012-01-27","72.0","1.0","3.14","","","","","","","","1.46","","","","47.27","7.675781249999999"
"204","1","CIP308328.59","41.0","2012-01-27","72.0","4.0","8.12","7.55","3.47","2.61","","","","4.543333333333333","1.93","4.56","4.17","4.365","38.66","5.70731707317074"
"205","2","CIP308328.59","35.4","2012-01-27","72.0","2.0","5.36","5.36","","","","","","5.36","4.38","1.4","","1.4","33.74","4.689265536723155"
"206","3","CIP308328.59","28.4","2012-01-27","72.0","1.0","5.57","","","","","","","","3.69","","","","27.13","4.471830985915492"
"207","4","CIP308328.59","29.1","2012-01-27","72.0","2.0","4.48","4.19","","","","","","4.19","2.19","2.59","","2.59","27.48","5.567010309278354"
"208","5","CIP308328.59","39.1","2012-01-27","72.0","1.0","4.61","","","","","","","","2.84","","","","36.39","6.9309462915601046"
"209","1","CIP308328.143","32.3","2012-01-26","71.0","4.0","8.4","7.5","6.5","5.4","","","","6.466666666666667","2.5","2.6","2.8","2.7","25.0","22.600619195046434"
"210","2","CIP308328.143","29.6","2012-01-26","71.0","1.0","7.5","","","","","","","","2.5","","","","24.76","16.35135135135135"
"211","3","CIP308328.143","30.1","2012-01-26","71.0","1.0","6.39","","","","","","","","3.2","","","","21.31","29.20265780730898"
"212","4","CIP308328.143","16.6","2012-01-26","71.0","1.0","5.48","","","","","","","","1.9","","","","11.0","33.734939759036145"
"213","5","CIP308328.143","22.4","2012-01-26","71.0","2.0","5.69","5.48","","","","","","5.48","2.4","2.5","","2.5","15.34","31.517857142857142"
"214","2","CIP308328.158","13.2","2012-01-27","72.0","1.0","4.09","","","","","","","","1.98","","","","12.11","8.257575757575756"
"215","3","CIP308328.158","11.0","2012-01-27","72.0","2.0","4.4","2.66","","","","","","2.66","2.29","0.72","","0.72","9.81","10.818181818181815"
"216","4","CIP308328.158","12.7","2012-01-27","72.0","1.0","3.19","","","","","","","","1.66","","","","11.7","7.874015748031496"
"217","5","CIP308328.158","20.1","2012-03-27","132.0","1.0","5.19","","","","","","","","2.14","","","","18.96","5.671641791044778"
"218","1","CIP308328.3","6.7","2012-03-09","114.0","1.0","2.3","","","","","","","","2.0","","","","5.0","25.37313432835821"
"219","2","CIP308328.3","7.0","2012-03-09","114.0","2.0","2.1","2.0","","","","","","2.0","2.0","2.4","","2.4","6.0","14.285714285714285"
"220","3","CIP308328.3","11.2","2012-03-09","114.0","1.0","2.2","","","","","","","","2.0","","","","10.8","3.5714285714285587"
"221","4","CIP308328.3","7.6","2012-01-09","54.0","1.0","2.3","","","","","","","","2.0","","","","7.3","3.947368421052629"
"222","1","CIP308328.144","6.1","2012-01-26","71.0","1.0","2.6","","","","","","","","2.1","","","","5.9","3.2786885245901525"
"223","2","CIP308328.144","6.7","2012-01-26","71.0","1.0","2.8","","","","","","","","2.6","","","","6.5","2.9850746268656745"
"224","3","CIP308328.144","6.8","2012-01-26","71.0","1.0","2.5","","","","","","","","2.3","","","","6.3","7.352941176470589"
"225","4","CIP308328.144","8.3","2012-01-26","71.0","1.0","2.6","","","","","","","","2.4","","","","7.9","4.819277108433739"
"226","5","CIP308328.144","7.3","2012-03-26","131.0","1.0","2.4","","","","","","","","2.8","","","","6.8","6.8493150684931505"
"227","1","CIP308328.48","17.0","2012-03-02","107.0","1.0","6.3","","","","","","","","5.9","","","","16.6","2.35294117647058"
"228","2","CIP308328.48","18.6","2012-03-02","107.0","1.0","5.9","","","","","","","","3.4","","","","18.2","2.1505376344086136"
"229","3","CIP308328.48","15.7","2012-03-02","107.0","1.0","7.2","","","","","","","","4.3","","","","15.4","1.9108280254777004"
"230","4","CIP308328.48","14.8","2012-03-02","107.0","1.0","6.4","","","","","","","","5.2","","","","14.5","2.0270270270270316"
"231","5","CIP308328.48","14.6","2012-02-02","78.0","1.0","5.9","","","","","","","","3.9","","","","14.2","2.739726027397263"
"232","1","CIP308328.161","8.6","2012-02-17","93.0","2.0","4.0","3.5","","","","","","3.5","2.8","2.6","","2.6","8.0","6.976744186046507"
"233","2","CIP308328.161","11.3","2012-02-17","93.0","2.0","4.2","2.5","","","","","","2.5","2.4","2.3","","2.3","10.7","5.309734513274349"
"234","3","CIP308328.161","6.0","2012-02-17","93.0","2.0","4.8","3.5","","","","","","3.5","3.0","2.5","","2.5","5.4","9.999999999999993"
"235","4","CIP308328.161","9.8","2012-02-17","93.0","2.0","4.2","3.8","","","","","","3.8","3.0","2.9","","2.9","8.9","9.183673469387758"
"236","5","CIP308328.161","10.2","2012-01-17","62.0","2.0","5.1","3.9","","","","","","3.9","3.0","2.4","","2.4","9.5","6.862745098039209"
"237","1","CIP308328.28","11.9","2012-01-26","71.0","1.0","4.35","","","","","","","","3.64","","","","11.01","7.478991596638659"
"238","2","CIP308328.28","27.2","2012-01-26","71.0","3.0","6.94","6.94","3.69","","","","","5.315","3.68","4.21","1.88","3.045","25.27","7.095588235294118"
"239","3","CIP308328.28","12.6","2012-01-26","71.0","1.0","4.13","","","","","","","","2.45","","","","11.34","10.0"
"240","4","CIP308328.28","17.8","2012-01-26","71.0","1.0","6.72","","","","","","","","4.22","","","","16.4","7.865168539325855"
"241","5","CIP308328.28","13.5","2012-01-26","71.0","3.0","4.33","3.52","2.42","","","","","2.9699999999999998","1.79","1.79","1.79","1.79","12.28","9.037037037037042"
"242","1","CIP308328.23","19.3","2012-01-27","72.0","1.0","7.4","","","","","","","","4.27","","","","18.44","4.455958549222795"
"243","2","CIP308328.23","11.7","2012-01-27","72.0","1.0","8.98","","","","","","","","1.53","","","","10.81","7.606837606837597"
"244","3","CIP308328.23","15.5","2012-01-27","72.0","1.0","9.61","","","","","","","","3.61","","","","14.12","8.903225806451617"
"245","4","CIP308328.23","13.0","2012-01-27","72.0","2.0","8.82","4.24","","","","","","4.24","2.94","1.66","","1.66","11.85","8.84615384615385"
"246","5","CIP308328.23","20.9","2012-01-27","72.0","2.0","4.97","4.53","","","","","","4.53","1.48","0.89","","0.89","19.34","7.46411483253588"
"247","2","CIP308328.152","2.8","2012-01-26","71.0","1.0","","6.24","","","","","","6.24","","1.69","","1.69","2.49","11.071428571428559"
"248","3","CIP308328.152","3.1","2012-01-26","71.0","1.0","16.21","","","","","","","","0.76","","","","2.61","15.806451612903233"
"249","4","CIP308328.152","4.1","2012-01-26","71.0","1.0","20.770000000000003","","","","","","","","1.08","","","","3.95","3.658536585365841"
"250","5","CIP308328.152","4.0","2012-01-26","71.0","1.0","2.81","","","","","","","","1.22","","","","3.55","11.250000000000004"
"251","1","CIP308328.145","14.0","2012-01-27","72.0","1.0","5.2","","","","","","","","2.0","","","","12.0","14.285714285714285"
"252","2","CIP308328.145","22.0","2012-01-27","72.0","1.0","5.1","","","","","","","","2.8","","","","19.7","10.454545454545459"
"253","3","CIP308328.145","16.7","2012-01-27","72.0","1.0","4.8","","","","","","","","3.0","","","","14.4","13.772455089820355"
"254","4","CIP308328.145","18.1","2012-01-27","72.0","1.0","3.6","","","","","","","","2.8","","","","16.0","11.602209944751388"
"255","5","CIP308328.145","14.0","2012-02-27","103.0","1.0","7.2","","","","","","","","2.4","","","","11.7","16.428571428571434"
"256","1","CIP308328.206","20.9","2012-02-08","84.0","1.0","8.5","","","","","","","","3.5","","","","19.9","4.784688995215311"
"257","2","CIP308328.206","14.7","2012-02-08","84.0","1.0","8.6","","","","","","","","3.0","","","","13.9","5.442176870748292"
"258","3","CIP308328.206","16.2","2012-02-08","84.0","1.0","9.5","","","","","","","","4.0","","","","15.9","1.8518518518518454"
"259","4","CIP308328.206","14.9","2012-02-08","84.0","1.0","7.8","","","","","","","","2.9","","","","14.1","5.369127516778528"
"260","5","CIP308328.206","12.6","2012-01-08","53.0","1.0","6.9","","","","","","","","3.2","","","","11.9","5.55555555555555"
"261","1","CIP308328.62","16.6","2012-01-12","57.0","2.0","6.84","3.51","","","","","","3.51","3.04","3.32","","3.32","15.7","5.421686746987964"
"262","4","CIP308328.62","11.5","2012-01-12","57.0","1.0","6.52","","","","","","","","3.62","","","","10.9","5.217391304347823"
"263","5","CIP308328.62","9.2","2012-02-12","88.0","1.0","8.74","","","","","","","","2.72","","","","8.4","8.695652173913032"
"264","1","CIP308328.5","30.2","2012-02-22","98.0","2.0","11.33","9.31","","","","","","9.31","5.2","3.2","","3.2","30.0","0.6622516556291367"
"265","2","CIP308328.5","27.9","2012-02-22","98.0","2.0","10.46","6.7","","","","","","6.7","3.6","3.5","","3.5","27.5","1.4336917562723963"
"266","3","CIP308328.5","20.0","2012-02-22","98.0","3.0","8.32","8.32","6.87","","","","","7.595000000000001","3.7","3.6","3.5","3.55","19.5","2.5"
"267","4","CIP308328.5","29.2","2012-02-22","98.0","2.0","10.09","8.67","","","","","","8.67","5.3","5.2","","5.2","25.1","14.04109589041095"
"268","5","CIP308328.5","21.7","2012-12-22","402.0","3.0","9.14","7.14","8.32","","","","","7.73","6.5","6.3","6.1","6.199999999999999","19.0","12.442396313364053"
"269","1","CIP308328.6","26.5","2011-12-19","33.0","2.0","30.86","27.61","","","","","","27.61","2.85","1.83","","1.83","26.2","1.1320754716981158"
"270","2","CIP308328.6","20.2","2011-12-19","33.0","1.0","28.62","","","","","","","","1.75","","","","20.2","0.0"
"271","3","CIP308328.6","24.7","2011-12-19","33.0","1.0","18.6","","","","","","","","1.69","","","","24.3","1.6194331983805612"
"272","4","CIP308328.6","20.2","2011-12-19","33.0","1.0","29.75","","","","","","","","3.01","","","","20.0","0.9900990099009866"
"273","5","CIP308328.6","17.4","2011-12-19","33.0","2.0","29.77","21.85","","","","","","21.85","1.38","2.64","","2.64","17.2","1.1494252873563178"
"274","1","CIP308328.180","20.2","2012-01-12","57.0","1.0","11.83","","","","","","","","4.41","","","","19.0","5.940594059405938"
"275","2","CIP308328.180","19.6","2012-01-12","57.0","1.0","15.53","","","","","","","","5.16","","","","18.5","5.612244897959191"
"276","3","CIP308328.180","9.7","2012-01-12","57.0","1.0","6.41","","","","","","","","2.61","","","","9.3","4.123711340206171"
"277","4","CIP308328.180","14.7","2012-01-12","57.0","1.0","9.08","","","","","","","","3.63","","","","14.1","4.081632653061222"
"278","5","CIP308328.180","11.5","2012-01-12","57.0","1.0","9.65","","","","","","","","2.71","","","","10.9","5.217391304347823"
"279","1","CIP308328.220","18.9","2012-01-12","57.0","1.0","14.5","","","","","","","","5.12","","","","17.9","5.291005291005291"
"280","2","CIP308328.220","17.7","2012-01-12","57.0","1.0","11.74","","","","","","","","4.2","","","","16.8","5.084745762711856"
"281","3","CIP308328.220","20.8","2012-01-12","57.0","1.0","11.5","","","","","","","","6.22","","","","19.8","4.8076923076923075"
"282","4","CIP308328.220","20.1","2012-01-12","57.0","1.0","13.12","","","","","","","","3.85","","","","19.2","4.477611940298518"
"283","5","CIP308328.220","18.7","2012-12-12","392.0","1.0","11.62","","","","","","","","4.61","","","","17.8","4.812834224598923"
"284","1","CIP308328.219","4.1","2011-12-22","36.0","1.0","8.05","","","","","","","","3.08","","","","4.1","0.0"
"285","2","CIP308328.219","2.0","2011-12-22","36.0","1.0","7.46","","","","","","","","2.46","","","","1.8","9.999999999999998"
"286","3","CIP308328.219","2.7","2011-12-22","36.0","1.0","9.63","","","","","","","","2.46","","","","2.7","0.0"
"287","4","CIP308328.219","2.4","2011-12-22","36.0","1.0","16.78","","","","","","","","1.55","","","","2.2","8.333333333333323"
"288","5","CIP308328.219","3.0","2011-12-22","36.0","1.0","5.2","","","","","","","","2.1","","","","2.9","3.333333333333336"
"289","1","CIP308328.128","10.0","2012-01-12","57.0","1.0","11.82","","","","","","","","4.4","","","","9.4","5.9999999999999964"
"290","2","CIP308328.128","9.5","2012-01-12","57.0","1.0","18.02","","","","","","","","2.39","","","","9.0","5.263157894736842"
"291","3","CIP308328.128","9.3","2012-01-12","57.0","1.0","11.69","","","","","","","","2.94","","","","8.8","5.376344086021505"
"292","4","CIP308328.128","10.7","2012-01-12","57.0","1.0","13.89","","","","","","","","4.26","","","","9.9","7.476635514018683"
"293","5","CIP308328.128","9.0","2012-01-12","57.0","1.0","12.11","","","","","","","","4.56","","","","8.3","7.77777777777777"
"294","1","CIP308328.133","12.2","2012-01-12","57.0","2.0","4.85","16.44","","","","","","16.44","3.73","3.76","","3.76","11.1","9.016393442622949"
"295","2","CIP308328.133","10.9","2012-01-12","57.0","2.0","7.75","9.26","","","","","","9.26","2.83","3.17","","3.17","10.1","7.339449541284409"
"296","4","CIP308328.133","7.9","2012-01-12","57.0","1.0","14.57","","","","","","","","2.89","","","","7.0","11.392405063291143"
"297","5","CIP308328.133","8.2","2012-01-12","57.0","1.0","8.05","","","","","","","","2.96","","","","7.6","7.317073170731704"
"298","5","CIP308328.54","11.5","2012-01-12","57.0","1.0","5.83","","","","","","","","4.53","","","","10.1","12.173913043478263"
"299","1","CIP308328.12","23.9","2012-01-12","57.0","1.0","10.51","","","","","","","","3.63","","","","22.8","4.602510460251037"
"300","3","CIP308328.12","18.4","2012-01-12","57.0","1.0","10.25","","","","","","","","4.7","","","","17.1","7.0652173913043335"
"301","4","CIP308328.12","24.7","2012-01-12","57.0","1.0","7.14","","","","","","","","3.58","","","","23.7","4.048582995951417"
"302","1","CIP308328.15","23.2","2012-01-27","72.0","1.0","","8.5","","","","","","8.5","","3.5","","3.5","20.6","11.206896551724128"
"303","2","CIP308328.15","20.3","2012-01-27","72.0","1.0","","6.9","","","","","","6.9","","4.0","","4.0","17.7","12.807881773399021"
"304","3","CIP308328.15","21.0","2012-01-27","72.0","3.0","","8.5","6.9","5.8","","","","7.066666666666666","","3.5","3.1","3.3","18.4","12.380952380952388"
"305","4","CIP308328.15","22.1","2012-01-27","72.0","1.0","","7.9","","","","","","7.9","","2.9","","2.9","19.5","11.764705882352947"
"306","5","CIP308328.15","19.4","2012-12-27","407.0","2.0","","6.9","5.8","","","","","6.35","","3.5","3.0","3.25","16.8","13.402061855670095"
"307","1","CIP308328.140","13.3","2011-12-22","36.0","1.0","25.07","","","","","","","","4.86","","","","11.2","15.789473684210536"
"308","2","CIP308328.140","7.0","2011-12-22","36.0","1.0","9.35","","","","","","","","2.32","","","","5.6","20.000000000000004"
"309","4","CIP308328.140","6.2","2011-12-22","36.0","1.0","9.72","","","","","","","","3.0","","","","4.9","20.967741935483865"
"310","1","CIP308328.218","15.8","2012-01-12","57.0","2.0","6.34","2.53","","","","","","2.53","3.55","2.99","","2.99","14.9","5.6962025316455716"
"311","2","CIP308328.218","14.0","2012-01-12","57.0","1.0","8.13","","","","","","","","3.8","","","","13.2","5.71428571428572"
"312","3","CIP308328.218","11.8","2012-01-12","57.0","1.0","7.5","","","","","","","","3.25","","","","10.8","8.47457627118644"
"313","4","CIP308328.218","9.6","2012-01-12","57.0","1.0","4.89","","","","","","","","3.41","","","","8.5","11.45833333333333"
"314","5","CIP308328.218","12.4","2012-02-12","88.0","1.0","5.4","","","","","","","","3.6","","","","11.2","9.677419354838717"
"315","1","CIP308328.156","18.5","2012-02-01","77.0","1.0","9.1","","","","","","","","3.4","","","","17.2","7.02702702702703"
"316","2","CIP308328.156","14.6","2012-02-01","77.0","1.0","8.9","","","","","","","","4.2","","","","14.0","4.109589041095888"
"317","3","CIP308328.156","15.5","2012-02-01","77.0","1.0","7.6","","","","","","","","3.8","","","","13.0","16.129032258064516"
"318","4","CIP308328.156","25.3","2012-02-01","77.0","1.0","6.9","","","","","","","","2.9","","","","23.1","8.695652173913041"
"319","5","CIP308328.156","17.2","2012-01-01","46.0","1.0","6.8","","","","","","","","3.0","","","","16.8","2.3255813953488293"
"320","1","CIP308328.182","26.9","2012-01-12","57.0","2.0","8.5","5.1","","","","","","5.1","3.5","2.5","","2.5","25.7","4.460966542750927"
"321","2","CIP308328.182","26.6","2012-01-12","57.0","2.0","8.3","6.5","","","","","","6.5","4.2","2.1","","2.1","25.4","4.511278195488732"
"322","3","CIP308328.182","22.9","2012-01-12","57.0","1.0","8.6","","","","","","","","3.5","","","","21.2","7.423580786026199"
"323","4","CIP308328.182","13.8","2012-01-12","57.0","1.0","9.5","","","","","","","","3.8","","","","12.7","7.971014492753634"
"324","5","CIP308328.182","13.6","2012-01-12","57.0","1.0","7.5","","","","","","","","3.4","","","","12.5","8.088235294117645"
"325","1","CIP308328.213","25.3","2012-01-12","57.0","1.0","10.9","","","","","","","","2.8","","","","23.4","7.509881422924909"
"326","2","CIP308328.213","26.0","2012-01-12","57.0","1.0","9.1","","","","","","","","3.1","","","","24.1","7.307692307692302"
"327","3","CIP308328.213","16.1","2012-01-12","57.0","1.0","7.8","","","","","","","","3.4","","","","14.2","11.801242236024857"
"328","4","CIP308328.213","12.9","2012-01-12","57.0","1.0","8.5","","","","","","","","2.9","","","","11.0","14.728682170542637"
"329","5","CIP308328.213","18.0","2012-01-12","57.0","1.0","8.9","","","","","","","","3.6","","","","16.4","8.888888888888896"
"330","1","CIP308328.231","8.1","2012-01-27","72.0","1.0","3.52","","","","","","","","1.09","","","","7.47","7.777777777777777"
"331","2","CIP308328.231","5.1","2012-01-27","72.0","1.0","2.84","","","","","","","","1.3","","","","4.58","10.196078431372541"
"332","3","CIP308328.231","5.9","2012-01-27","72.0","1.0","3.45","","","","","","","","1.52","","","","5.39","8.64406779661018"
"333","4","CIP308328.231","6.6","2012-01-27","72.0","1.0","4.08","","","","","","","","1.08","","","","4.83","26.818181818181813"
"334","5","CIP308328.231","4.5","2012-01-27","72.0","3.0","5.15","4.28","5.35","","","","","4.8149999999999995","1.25","0.84","1.34","1.09","3.65","18.888888888888893"
"335","1","CIP308328.147","7.3","2012-01-27","72.0","1.0","5.8","","","","","","","","2.37","","","","6.71","8.082191780821917"
"336","2","CIP308328.147","6.3","2012-01-27","72.0","1.0","5.61","","","","","","","","2.77","","","","5.75","8.730158730158728"
"337","3","CIP308328.147","7.8","2012-01-27","72.0","1.0","2.0","","","","","","","","0.62","","","","7.26","6.923076923076923"
"338","4","CIP308328.147","6.7","2012-01-27","72.0","1.0","4.49","","","","","","","","1.7","","","","6.19","7.611940298507459"
"339","5","CIP308328.147","8.9","2012-03-27","132.0","1.0","6.71","","","","","","","","4.01","","","","8.27","7.078651685393266"
"340","1","CIP308328.122","9.3","2012-03-09","114.0","1.0","3.0","","","","","","","","2.5","","","","8.9","4.3010752688172085"
"341","2","CIP308328.122","3.8","2012-03-09","114.0","1.0","2.5","","","","","","","","2.9","","","","3.5","7.894736842105258"
"342","3","CIP308328.122","5.3","2012-03-09","114.0","1.0","2.0","","","","","","","","2.0","","","","5.0","5.660377358490563"
"343","4","CIP308328.122","13.6","2012-03-09","114.0","1.0","3.1","","","","","","","","3.5","","","","13.1","3.6764705882352944"
"344","5","CIP308328.122","13.1","2012-02-09","85.0","1.0","2.5","","","","","","","","3.4","","","","12.5","4.580152671755722"
"345","1","CIP308328.124","19.3","2012-02-20","96.0","1.0","3.5","","","","","","","","2.9","","","","16.3","15.544041450777202"
"346","2","CIP308328.124","33.1","2012-02-20","96.0","1.0","4.2","","","","","","","","2.8","","","","29.9","9.667673716012093"
"347","3","CIP308328.124","17.1","2012-02-20","96.0","1.0","4.8","","","","","","","","1.9","","","","14.0","18.12865497076024"
"348","4","CIP308328.124","17.9","2012-02-20","96.0","1.0","4.96","","","","","","","","2.0","","","","15.0","16.20111731843575"
"349","5","CIP308328.124","17.7","2012-01-20","65.0","1.0","5.8","","","","","","","","2.7","","","","14.7","16.949152542372882"
"350","1","CIP308328.185","12.8","2012-01-20","65.0","1.0","9.02","","","","","","","","2.37","","","","11.36","11.25000000000001"
"351","2","CIP308328.185","21.8","2012-01-20","65.0","1.0","9.79","","","","","","","","3.48","","","","19.8","9.174311926605503"
"352","3","CIP308328.185","14.6","2012-01-20","65.0","1.0","4.42","","","","","","","","2.76","","","","13.43","8.013698630136986"
"353","4","CIP308328.185","11.9","2012-01-20","65.0","1.0","7.54","","","","","","","","3.82","","","","10.57","11.176470588235295"
"354","5","CIP308328.185","14.4","2012-02-20","96.0","1.0","16.15","","","","","","","","4.55","","","","12.29","14.652777777777787"
"355","1","CIP308328.163","17.4","2012-02-22","98.0","1.0","4.0","","","","","","","","2.0","","","","14.1","18.965517241379306"
"356","2","CIP308328.163","11.3","2012-02-22","98.0","2.0","","5.2","3.6","","","","","4.4","","2.3","3.0","2.65","8.6","23.89380530973452"
"357","3","CIP308328.163","13.2","2012-02-22","98.0","2.0","","5.7","5.1","","","","","5.4","","2.5","4.0","3.25","10.5","20.45454545454545"
"358","4","CIP308328.163","10.9","2012-02-22","98.0","1.0","4.6","","","","","","","","2.0","","","","8.3","23.85321100917431"
"359","5","CIP308328.163","11.8","2012-01-22","67.0","1.0","4.5","","","","","","","","2.6","","","","9.2","22.033898305084758"
"360","1","CIP308328.179","18.3","2012-01-20","65.0","1.0","2.91","","","","","","","","2.87","","","","17.48","4.480874316939892"
"361","2","CIP308328.179","28.6","2012-01-20","65.0","2.0","10.0","8.63","","","","","","8.63","4.17","4.72","","4.72","26.16","8.531468531468535"
"362","3","CIP308328.179","30.7","2012-01-20","65.0","3.0","17.0","6.83","6.59","","","","","6.71","3.33","4.21","4.34","4.275","28.1","8.469055374592827"
"363","4","CIP308328.179","21.7","2012-01-20","65.0","3.0","","10.52","5.72","5.68","","","","7.306666666666667","","3.66","3.65","3.6550000000000002","19.07","12.11981566820276"
"364","5","CIP308328.179","28.0","2012-03-20","125.0","1.0","1.79","","","","","","","","1.6","","","","26.67","4.749999999999994"
"365","1","CIP308328.37","30.8","2012-03-14","119.0","10.0","3.0","2.8","2.5","2.5","2.5","2.3","2.4","2.5","2.9","2.8","1.9","2.3499999999999996","27.3","11.363636363636363"
"366","2","CIP308328.37","32.8","2012-03-14","119.0","10.0","4.0","3.1","3.0","2.6","2.8","2.6","2.0","2.6833333333333336","2.37","3.48","3.5","3.49","29.0","11.585365853658528"
"367","3","CIP308328.37","46.3","2012-03-14","119.0","9.0","2.8","2.5","2.6","2.4","2.4","2.4","2.4","2.45","4.31","3.1","4.2","3.6500000000000004","42.2","8.855291576673855"
"368","4","CIP308328.37","46.8","2012-03-14","119.0","8.0","5.0","4.6","3.8","3.6","3.0","2.8","2.0","3.3","3.1","3.4","2.9","3.15","42.9","8.333333333333332"
"369","5","CIP308328.37","47.6","2012-01-14","59.0","7.0","4.4","2.5","2.5","2.5","2.4","2.3","2.2","2.4","4.7","2.89","2.96","2.925","43.7","8.193277310924367"
"370","1","CIP308328.191","16.5","2012-01-27","72.0","1.0","2.15","","","","","","","","0.99","","","","15.51","6.000000000000001"
"371","2","CIP308328.191","20.2","2012-01-27","72.0","1.0","2.73","","","","","","","","1.23","","","","19.52","3.3663366336633653"
"372","3","CIP308328.191","21.9","2012-01-27","72.0","1.0","5.37","","","","","","","","2.48","","","","20.9","4.566210045662101"
"373","4","CIP308328.191","12.7","2012-01-27","72.0","1.0","3.31","","","","","","","","1.97","","","","11.83","6.850393700787396"
"374","5","CIP308328.191","16.3","2012-02-27","103.0","1.0","4.6","","","","","","","","2.87","","","","15.72","3.5582822085889574"
"375","1","CIP308328.196","9.5","2012-02-22","98.0","2.0","6.9","5.2","","","","","","5.2","3.5","2.9","","2.9","6.5","31.57894736842105"
"376","2","CIP308328.196","25.3","2012-02-22","98.0","2.0","6.3","4.9","","","","","","4.9","3.9","2.6","","2.6","21.9","13.43873517786562"
"377","3","CIP308328.196","16.7","2012-02-22","98.0","1.0","5.9","","","","","","","","2.5","","","","13.7","17.964071856287426"
"378","4","CIP308328.196","18.8","2012-02-22","98.0","1.0","6.1","","","","","","","","2.6","","","","15.8","15.957446808510637"
"379","5","CIP308328.196","11.4","2012-01-22","67.0","1.0","5.6","","","","","","","","2.9","","","","8.3","27.192982456140346"
"380","1","CIP308328.174","21.9","2012-01-27","72.0","1.0","11.67","","","","","","","","4.55","","","","19.93","8.995433789954333"
"381","2","CIP308328.174","14.0","2012-01-27","72.0","1.0","8.85","","","","","","","","3.25","","","","13.17","5.928571428571429"
"382","3","CIP308328.174","32.6","2012-01-27","72.0","1.0","6.88","","","","","","","","2.41","","","","31.25","4.141104294478532"
"383","4","CIP308328.174","26.6","2012-01-27","72.0","1.0","5.78","","","","","","","","3.55","","","","25.27","5.000000000000006"
"384","5","CIP308328.174","25.8","2012-02-27","103.0","2.0","15.55","4.95","","","","","","4.95","4.66","4.14","","4.14","23.43","9.18604651162791"
"385","1","CIP308328.45","13.1","2012-02-03","79.0","1.0","2.3","","","","","","","","2.9","","","","12.5","4.580152671755722"
"386","2","CIP308328.45","22.1","2012-02-03","79.0","1.0","4.5","","","","","","","","3.9","","","","21.9","0.9049773755656236"
"387","3","CIP308328.45","33.1","2012-02-03","79.0","1.0","2.8","","","","","","","","2.5","","","","32.8","0.9063444108761458"
"388","4","CIP308328.45","23.1","2012-02-03","79.0","1.0","3.9","","","","","","","","3.6","","","","22.9","0.8658008658008781"
"389","5","CIP308328.45","22.7","2012-01-03","48.0","1.0","4.8","","","","","","","","3.7","","","","22.5","0.8810572687224639"
"390","1","CIP308328.53","8.5","2012-01-27","72.0","1.0","3.14","","","","","","","","1.9","","","","7.69","9.529411764705879"
"391","2","CIP308328.53","14.1","2012-01-27","72.0","1.0","3.29","","","","","","","","1.09","","","","11.54","18.15602836879433"
"392","3","CIP308328.53","12.3","2012-01-27","72.0","1.0","2.09","","","","","","","","1.09","","","","11.07","10.000000000000004"
"393","4","CIP308328.53","11.6","2012-01-27","72.0","1.0","2.11","","","","","","","","1.64","","","","10.65","8.189655172413786"
"394","5","CIP308328.53","13.0","2012-01-27","72.0","1.0","1.98","","","","","","","","1.43","","","","11.55","11.15384615384615"
"395","1","CIP308328.127","5.5","2012-01-27","72.0","1.0","4.68","","","","","","","","2.4","","","","5.13","6.727272727272729"
"396","2","CIP308328.127","12.6","2012-01-27","72.0","1.0","4.6","","","","","","","","3.59","","","","11.96","5.079365079365069"
"397","3","CIP308328.127","7.4","2012-01-27","72.0","1.0","1.63","","","","","","","","0.2","","","","7.02","5.135135135135145"
"398","4","CIP308328.127","6.2","2012-01-27","72.0","1.0","2.42","","","","","","","","0.77","","","","5.76","7.096774193548392"
"399","5","CIP308328.127","14.3","2012-01-27","72.0","1.0","8.06","","","","","","","","5.37","","","","13.48","5.734265734265736"
"400","1","CIP308328.49","27.3","2012-01-12","57.0","2.0","6.14","11.72","","","","","","11.72","5.34","4.97","","4.97","25.9","5.128205128205136"
"401","3","CIP308328.49","15.7","2012-01-12","57.0","2.0","14.76","4.81","","","","","","4.81","3.27","3.33","","3.33","15.0","4.458598726114645"
"402","4","CIP308328.49","18.4","2012-01-12","57.0","2.0","7.35","4.13","","","","","","4.13","5.26","4.0","","4.0","17.3","5.978260869565206"
"403","5","CIP308328.49","10.8","2012-01-12","57.0","1.0","13.45","","","","","","","","3.79","","","","10.3","4.62962962962963"
"404","1","CIP308328.85","12.9","2012-01-12","57.0","1.0","8.96","","","","","","","","3.42","","","","12.2","5.426356589147295"
"405","2","CIP308328.85","13.1","2012-01-12","57.0","1.0","4.73","","","","","","","","3.12","","","","12.5","4.580152671755722"
"406","4","CIP308328.85","9.6","2012-01-12","57.0","2.0","","9.56","7.12","","","","","8.34","","3.23","2.78","3.005","8.7","9.375000000000004"
"407","5","CIP308328.85","9.3","2012-01-12","57.0","1.0","8.1","","","","","","","","2.73","","","","8.8","5.376344086021505"
"408","2","CIP308328.126","12.6","2012-01-06","51.0","1.0","","10.2","","","","","","10.2","","2.37","","2.37","11.9","5.55555555555555"
"409","3","CIP308328.126","8.0","2012-01-06","51.0","1.0","","11.83","","","","","","11.83","","3.14","","3.14","7.5","6.25"
"410","4","CIP308328.126","15.4","2012-01-06","51.0","2.0","","6.52","3.37","","","","","4.945","","3.05","2.16","2.605","14.8","3.896103896103894"
"411","5","CIP308328.126","9.3","2012-12-06","386.0","3.0","6.1","5.25","3.54","","","","","4.395","2.52","1.55","2.31","1.9300000000000002","8.5","8.602150537634417"
"412","1","CIP308328.134","14.7","2011-12-22","36.0","4.0","6.23","8.75","7.04","5.12","","","","6.97","3.65","2.72","3.45","3.085","13.5","8.163265306122444"
"413","2","CIP308328.134","16.0","2011-12-22","36.0","1.0","","8.8","","","","","","8.8","","4.42","","4.42","15.0","6.25"
"414","3","CIP308328.134","18.7","2011-12-22","36.0","1.0","11.74","","","","","","","","2.77","","","","17.5","6.417112299465237"
"415","4","CIP308328.134","13.9","2011-12-22","36.0","2.0","","14.85","8.3","","","","","11.575","","4.43","2.77","3.5999999999999996","12.9","7.194244604316546"
"416","5","CIP308328.134","10.0","2011-12-22","36.0","2.0","34.75","3.23","","","","","","3.23","1.69","2.5","","2.5","9.0","10.0"
"417","1","CIP308328.20","10.0","2011-12-22","36.0","1.0","14.39","","","","","","","","2.92","","","","9.1","9.000000000000004"
"418","2","CIP308328.20","6.2","2011-12-22","36.0","1.0","","8.42","","","","","","8.42","","1.75","","1.75","5.2","16.129032258064516"
"419","3","CIP308328.20","7.2","2011-12-22","36.0","2.0","","9.92","7.67","","","","","8.795","","2.39","1.6","1.995","6.3","12.500000000000005"
"420","4","CIP308328.20","6.1","2011-12-22","36.0","2.0","3.84","2.51","","","","","","2.51","3.59","2.7","","2.7","5.4","11.475409836065563"
"421","5","CIP308328.20","6.9","2011-12-22","36.0","2.0","","16.92","7.2","","","","","12.06","","2.69","1.65","2.17","5.9","14.492753623188406"
"422","1","CIP308328.107","12.4","2011-12-22","36.0","1.0","5.86","","","","","","","","3.72","","","","9.0","27.41935483870968"
"423","2","CIP308328.107","11.4","2011-12-22","36.0","1.0","22.37","","","","","","","","3.2","","","","7.7","32.45614035087719"
"424","3","CIP308328.107","7.6","2011-12-22","36.0","1.0","","20.06","","","","","","20.06","","2.49","","2.49","4.3","43.42105263157895"
"425","4","CIP308328.107","9.7","2011-12-22","36.0","1.0","14.61","","","","","","","","2.61","","","","6.3","35.051546391752574"
"426","5","CIP308328.107","10.0","2011-12-22","36.0","1.0","29.13","","","","","","","","2.96","","","","6.4","36.0"
"427","1","CIP308328.93","10.8","2012-01-06","51.0","1.0","13.89","","","","","","","","3.41","","","","10.2","5.555555555555569"
"428","2","CIP308328.93","14.4","2012-01-06","51.0","2.0","","2.52","7.46","","","","","4.99","","3.66","3.97","3.8150000000000004","13.8","4.166666666666664"
"429","3","CIP308328.93","8.3","2012-01-06","51.0","2.0","34.19","4.29","","","","","","4.29","2.98","2.23","","2.23","7.5","9.638554216867478"
"430","4","CIP308328.93","16.7","2012-01-06","51.0","4.0","","4.17","11.7","9.66","9.35","","","8.719999999999999","","4.57","3.43","4.0","15.8","5.389221556886219"
"431","5","CIP308328.93","9.2","2012-01-06","51.0","2.0","32.3","16.99","","","","","","16.99","2.92","2.64","","2.64","8.4","8.695652173913032"
"432","1","CIP308328.117","18.2","2012-01-06","51.0","2.0","20.56","4.75","","","","","","4.75","3.54","2.46","","2.46","17.0","6.5934065934065895"
"433","2","CIP308328.117","19.4","2012-01-06","51.0","2.0","13.78","2.68","","","","","","2.68","2.34","1.63","","1.63","18.7","3.6082474226804093"
"434","3","CIP308328.117","9.4","2012-01-06","51.0","1.0","7.74","","","","","","","","2.65","","","","8.8","6.382978723404251"
"435","4","CIP308328.117","11.0","2012-01-06","51.0","5.0","24.7","7.23","5.41","4.81","3.36","","","5.2025","2.97","4.0","2.42","3.21","9.5","13.636363636363635"
"436","5","CIP308328.117","6.6","2012-12-06","386.0","1.0","4.05","","","","","","","","3.06","","","","6.2","6.0606060606060534"
"437","1","CIP308328.50","9.7","2011-12-22","36.0","1.0","17.86","","","","","","","","2.52","","","","9.6","1.0309278350515427"
"438","2","CIP308328.50","9.4","2011-12-22","36.0","1.0","29.78","","","","","","","","3.03","","","","9.3","1.0638297872340388"
"439","3","CIP308328.50","7.3","2011-12-22","36.0","1.0","19.55","","","","","","","","1.53","","","","7.2","1.3698630136986254"
"440","4","CIP308328.50","9.6","2011-12-22","36.0","1.0","20.1","","","","","","","","1.86","","","","9.5","1.041666666666663"
"441","5","CIP308328.50","9.7","2011-12-22","36.0","1.0","15.08","","","","","","","","2.08","","","","9.5","2.0618556701030855"
"442","1","CIP308328.160","9.6","2011-12-22","36.0","1.0","25.7","","","","","","","","2.67","","","","9.5","1.041666666666663"
"443","2","CIP308328.160","7.2","2011-12-22","36.0","1.0","19.83","","","","","","","","1.68","","","","7.2","0.0"
"444","3","CIP308328.160","8.2","2011-12-22","36.0","1.0","11.71","","","","","","","","3.01","","","","8.1","1.219512195121947"
"445","4","CIP308328.160","6.1","2011-12-22","36.0","1.0","28.58","","","","","","","","2.26","","","","6.1","0.0"
"446","5","CIP308328.160","6.0","2011-12-22","36.0","1.0","18.63","","","","","","","","2.24","","","","5.9","1.6666666666666607"
"447","1","CIP308328.212","15.4","2012-01-12","57.0","2.0","21.04","12.7","","","","","","12.7","4.78","3.53","","3.53","13.7","11.038961038961045"
"448","2","CIP308328.212","17.0","2012-01-12","57.0","1.0","18.3","","","","","","","","4.49","","","","15.4","9.411764705882351"
"449","3","CIP308328.212","15.7","2012-01-12","57.0","1.0","","12.43","","","","","","12.43","","5.35","","5.35","14.7","6.369426751592357"
"450","4","CIP308328.212","13.2","2012-01-12","57.0","1.0","10.22","","","","","","","","6.48","","","","12.5","5.303030303030297"
"451","5","CIP308328.212","17.4","2012-01-12","57.0","1.0","11.33","","","","","","","","2.87","","","","16.3","6.321839080459759"
"452","1","CIP308328.87","23.4","2012-01-12","57.0","2.0","","13.08","10.03","","","","","11.555","","5.76","4.03","4.895","21.0","10.25641025641025"
"453","2","CIP308328.87","22.8","2012-01-12","57.0","4.0","","11.36","10.53","3.41","2.93","","","7.0575","","4.55","2.32","3.4349999999999996","20.7","9.21052631578948"
"454","3","CIP308328.87","13.7","2012-01-12","57.0","1.0","","14.98","","","","","","14.98","","3.39","","3.39","12.2","10.948905109489052"
"455","4","CIP308328.87","11.2","2012-01-12","57.0","4.0","","43.23","42.86","13.51","6.51","","","26.5275","","3.38","2.45","2.915","8.7","22.321428571428573"
"456","5","CIP308328.87","13.6","2012-12-12","392.0","4.0","","44.67","9.19","6.87","6.58","","","16.8275","","3.64","2.85","3.245","10.8","20.58823529411764"
"457","1","CIP308328.155","12.2","2011-12-22","36.0","1.0","29.24","","","","","","","","3.67","","","","12.1","0.8196721311475381"
"458","2","CIP308328.155","10.6","2011-12-22","36.0","2.0","2.57","1.86","","","","","","1.86","17.9","19.35","","19.35","10.5","0.943396226415091"
"459","3","CIP308328.155","6.5","2011-12-22","36.0","1.0","24.99","","","","","","","","2.06","","","","6.4","1.538461538461533"
"460","4","CIP308328.155","5.9","2011-12-22","36.0","1.0","13.51","","","","","","","","2.33","","","","5.8","1.6949152542372972"
"461","5","CIP308328.155","9.0","2011-12-22","36.0","1.0","30.52","","","","","","","","1.83","","","","8.7","3.333333333333341"
"462","1","CIP308328.177","9.4","2011-12-22","36.0","1.0","43.3","","","","","","","","2.08","","","","9.2","2.1276595744680966"
"463","2","CIP308328.177","10.7","2011-12-22","36.0","1.0","22.45","","","","","","","","2.93","","","","10.7","0.0"
"464","3","CIP308328.177","4.7","2011-12-22","36.0","1.0","38.09","","","","","","","","2.93","","","","3.61","23.191489361702132"
"465","4","CIP308328.177","7.1","2011-12-22","36.0","1.0","30.96","","","","","","","","1.54","","","","6.7","5.633802816901401"
"466","5","CIP308328.177","6.8","2011-12-22","36.0","1.0","29.54","","","","","","","","2.56","","","","5.2","23.529411764705877"
"467","1","CIP308328.132","11.0","2012-01-06","51.0","2.0","20.73","5.29","","","","","","5.29","3.2","2.84","","2.84","10.3","6.363636363636357"
"468","2","CIP308328.132","7.0","2012-01-06","51.0","2.0","10.04","29.77","","","","","","29.77","3.79","3.13","","3.13","6.0","14.285714285714285"
"469","3","CIP308328.132","12.1","2012-01-06","51.0","1.0","18.62","","","","","","","","4.06","","","","9.7","19.834710743801658"
"470","4","CIP308328.132","9.4","2012-01-06","51.0","1.0","9.42","","","","","","","","3.04","","","","8.9","5.319148936170213"
"471","5","CIP308328.132","11.3","2012-01-06","51.0","5.0","17.85","12.8","11.47","11.12","5.71","","","10.275","3.45","2.04","3.09","2.565","10.2","9.734513274336296"
"472","1","CIP308328.221","24.6","2012-01-12","57.0","2.0","11.06","5.79","","","","","","5.79","3.48","2.79","","2.79","23.5","4.47154471544716"
"473","2","CIP308328.221","18.1","2012-01-12","57.0","2.0","","23.94","5.72","","","","","14.83","","2.42","3.35","2.885","17.0","6.07734806629835"
"474","3","CIP308328.221","22.7","2012-01-12","57.0","1.0","8.37","","","","","","","","6.19","","","","21.9","3.524229074889871"
"475","4","CIP308328.221","12.6","2012-01-12","57.0","2.0","31.47","9.5","","","","","","9.5","3.45","2.72","","2.72","10.9","13.492063492063485"
"476","5","CIP308328.221","10.3","2012-01-12","57.0","2.0","30.39","4.8","","","","","","4.8","1.95","3.25","","3.25","9.6","6.796116504854378"
"477","1","CIP308328.172","18.5","2012-01-12","57.0","2.0","","60.49","25.29","","","","","42.89","","3.46","3.65","3.5549999999999997","15.6","15.675675675675677"
"478","2","CIP308328.172","18.0","2012-01-12","57.0","4.0","28.22","13.78","7.47","7.39","","","","9.546666666666667","5.88","2.2","2.12","2.16","15.6","13.333333333333336"
"479","3","CIP308328.172","17.5","2012-01-12","57.0","4.0","7.88","26.57","13.86","4.44","","","","14.956666666666667","3.8","2.99","2.9","2.9450000000000003","15.0","14.285714285714285"
"480","4","CIP308328.172","17.8","2012-01-12","57.0","2.0","","34.46","2.82","","","","","18.64","","5.93","3.74","4.835","15.6","12.359550561797757"
"481","5","CIP308328.172","11.0","2012-02-12","88.0","1.0","4.3","","","","","","","","3.9","","","","10.7","2.7272727272727337"
"482","5","CIP308328.224","2.7","2012-12-20","400.0","1.0","2.5","","","","","","","","1.2","","","","2.7","0.0"
"483","1","CIP308328.188","7.7","2011-12-22","36.0","1.0","33.59","","","","","","","","1.55","","","","7.4","3.896103896103894"
"484","2","CIP308328.188","11.2","2011-12-22","36.0","1.0","12.13","","","","","","","","2.41","","","","11.1","0.8928571428571397"
"485","3","CIP308328.188","4.1","2011-12-22","36.0","1.0","4.27","","","","","","","","1.34","","","","4.1","0.0"
"486","4","CIP308328.188","6.7","2011-12-22","36.0","2.0","19.95","12.43","","","","","","12.43","1.1","1.21","","1.21","6.6","1.4925373134328437"
"487","5","CIP308328.188","4.6","2011-12-22","36.0","1.0","4.83","","","","","","","","0.8","","","","4.6","0.0"
"488","1","CIP308328.187","9.8","2012-02-13","89.0","3.0","3.2","3.1","2.5","","","","","2.8","2.0","2.1","2.0","2.05","9.7","1.0204081632653206"
"489","2","CIP308328.187","10.6","2012-02-13","89.0","3.0","2.9","2.5","2.5","","","","","2.5","1.9","2.0","2.1","2.05","10.5","0.943396226415091"
"490","3","CIP308328.187","9.5","2012-02-13","89.0","2.0","3.4","3.0","","","","","","3.0","2.1","2.0","","2.0","9.4","1.0526315789473648"
"491","4","CIP308328.187","6.8","2012-02-13","89.0","3.0","3.1","3.0","2.6","","","","","2.8","2.0","1.5","1.3","1.4","6.7","1.4705882352941124"
"492","5","CIP308328.187","7.3","2012-02-13","89.0","3.0","3.0","2.9","2.0","","","","","2.45","2.5","2.5","2.3","2.4","7.2","1.3698630136986254"
"493","1","CIP308328.184","15.3","2012-02-22","98.0","1.0","7.2","","","","","","","","1.5","","","","15.0","1.9607843137254948"
"494","2","CIP308328.184","11.0","2012-02-22","98.0","1.0","6.8","","","","","","","","1.6","","","","11.0","0.0"
"495","4","CIP308328.184","10.6","2012-02-22","98.0","1.0","8.4","","","","","","","","1.8","","","","10.4","1.886792452830182"
"496","1","CIP308328.197","47.4","2012-02-03","79.0","1.0","5.9","","","","","","","","5.0","","","","46.7","1.4767932489451387"
"497","2","CIP308328.197","24.7","2012-02-03","79.0","1.0","7.6","","","","","","","","6.1","","","","24.0","2.8340080971659893"
"498","3","CIP308328.197","16.2","2012-02-03","79.0","1.0","6.5","","","","","","","","6.3","","","","15.5","4.320987654320983"
"499","4","CIP308328.197","38.6","2012-02-03","79.0","1.0","6.8","","","","","","","","6.7","","","","37.5","2.8497409326424905"
"500","5","CIP308328.197","26.4","2012-02-03","79.0","1.0","4.9","","","","","","","","5.3","","","","25.7","2.6515151515151487"
"501","1","CIP308328.69","38.9","2012-02-13","89.0","3.0","5.2","4.3","2.5","","","","","3.4","3.5","2.9","2.8","2.8499999999999996","33.9","12.853470437017995"
"502","2","CIP308328.69","29.6","2012-02-13","89.0","2.0","2.6","2.1","","","","","","2.1","2.6","2.3","","2.3","24.9","15.878378378378388"
"503","3","CIP308328.69","28.1","2012-02-13","89.0","4.0","8.22","6.31","6.2","5.25","","","","5.92","2.5","2.3","2.4","2.3499999999999996","22.8","18.86120996441281"
"504","4","CIP308328.69","19.9","2012-02-13","89.0","2.0","4.38","2.5","","","","","","2.5","3.9","3.5","","3.5","15.3","23.115577889447227"
"505","5","CIP308328.69","25.4","2012-02-20","96.0","2.0","2.6","1.99","","","","","","1.99","2.2","1.1","","1.1","20.5","19.291338582677163"
"506","1","CIP308328.66","12.5","2012-02-20","96.0","1.0","6.4","","","","","","","","2.5","","","","11.3","9.599999999999994"
"507","2","CIP308328.66","10.2","2012-02-20","96.0","1.0","5.9","","","","","","","","2.6","","","","9.1","10.784313725490193"
"508","3","CIP308328.66","7.0","2012-02-20","96.0","1.0","3.6","","","","","","","","2.9","","","","6.0","14.285714285714285"
"509","4","CIP308328.66","6.2","2012-02-20","96.0","1.0","4.8","","","","","","","","2.6","","","","5.2","16.129032258064516"
"510","5","CIP308328.66","9.8","2012-02-13","89.0","2.0","5.8","3.6","","","","","","3.6","3.4","2.1","","2.1","8.8","10.20408163265306"
"511","1","CIP308328.67","21.3","2012-02-13","89.0","2.0","5.03","4.79","","","","","","4.79","2.1","1.8","","1.8","17.3","18.779342723004692"
"512","2","CIP308328.67","19.8","2012-02-13","89.0","2.0","4.37","3.9","","","","","","3.9","2.3","2.2","","2.2","15.8","20.2020202020202"
"513","3","CIP308328.67","13.8","2012-02-13","89.0","3.0","4.4","2.5","2.2","","","","","2.35","1.5","2.0","2.1","2.05","9.8","28.985507246376812"
"514","4","CIP308328.67","11.7","2012-01-13","58.0","2.0","4.1","2.1","","","","","","2.1","1.6","1.5","","1.5","7.7","34.18803418803418"
"515","5","CIP308328.67","10.7","2012-01-12","57.0","2.0","4.2","3.0","","","","","","3.0","1.7","1.5","","1.5","6.7","37.38317757009345"
"516","1","CIP308328.159","18.9","2012-01-12","57.0","1.0","6.3","","","","","","","","3.8","","","","16.1","14.8148148148148"
"517","2","CIP308328.159","13.0","2012-01-12","57.0","1.0","5.8","","","","","","","","3.5","","","","11.4","12.307692307692305"
"518","3","CIP308328.159","17.4","2012-01-12","57.0","2.0","7.6","5.6","","","","","","5.6","2.3","3.2","","3.2","15.54","10.68965517241379"
"519","4","CIP308328.159","11.9","2012-02-12","88.0","3.0","8.2","6.9","4.9","","","","","5.9","3.5","2.3","2.1","2.2","9.82","17.478991596638654"
"520","5","CIP308328.159","18.6","2012-02-13","89.0","1.0","5.9","","","","","","","","3.4","","","","17.33","6.827956989247329"
"521","1","CIP308328.10","23.3","2012-02-13","89.0","1.0","4.5","","","","","","","","4.5","","","","22.6","3.004291845493559"
"522","2","CIP308328.10","17.3","2012-02-13","89.0","1.0","3.9","","","","","","","","3.9","","","","16.5","4.624277456647403"
"523","3","CIP308328.10","22.4","2012-02-13","89.0","1.0","5.0","","","","","","","","5.0","","","","21.1","5.803571428571416"
"524","4","CIP308328.10","19.2","2012-01-13","58.0","1.0","3.7","","","","","","","","3.7","","","","18.4","4.1666666666666705"
"525","5","CIP308328.10","14.8","2012-01-12","57.0","1.0","4.2","","","","","","","","4.2","","","","13.9","6.081081081081083"
"526","1","CIP308328.123","31.8","2012-01-12","57.0","1.0","6.5","","","","","","","","3.2","","","","31.1","2.201257861635218"
"527","2","CIP308328.123","18.1","2012-01-12","57.0","2.0","7.4","5.2","","","","","","5.2","3.8","2.9","","2.9","17.4","3.867403314917142"
"528","3","CIP308328.123","16.2","2012-01-12","57.0","2.0","6.5","4.5","","","","","","4.5","5.3","3.2","","3.2","15.5","4.320987654320983"
"529","4","CIP308328.123","15.2","2012-02-12","88.0","1.0","5.6","","","","","","","","3.1","","","","14.0","7.894736842105258"
"530","5","CIP308328.123","17.9","2012-02-08","84.0","2.0","6.3","4.5","","","","","","4.5","3.2","3.1","","3.1","17.2","3.9106145251396613"
"531","1","CIP308328.201","50.2","2012-02-08","84.0","1.0","4.2","","","","","","","","3.5","","","","45.9","8.565737051792837"
"532","2","CIP308328.201","49.2","2012-02-08","84.0","1.0","4.3","","","","","","","","3.6","","","","44.9","8.739837398373993"
"533","3","CIP308328.201","32.2","2012-02-08","84.0","1.0","4.8","","","","","","","","3.9","","","","28.1","12.73291925465839"
"534","4","CIP308328.201","29.7","2012-02-08","84.0","1.0","5.2","","","","","","","","4.0","","","","25.6","13.804713804713797"
"535","5","CIP308328.201","37.5","2012-02-03","79.0","1.0","5.6","","","","","","","","5.0","","","","33.4","10.933333333333337"
"536","1","CIP308328.121","18.1","2012-02-03","79.0","2.0","8.6","5.4","","","","","","5.4","2.8","3.5","","3.5","16.0","11.602209944751388"
"537","2","CIP308328.121","23.5","2012-02-03","79.0","2.0","7.6","5.6","","","","","","5.6","2.9","3.4","","3.4","22.1","5.957446808510633"
"538","3","CIP308328.121","12.8","2012-02-03","79.0","2.0","10.5","4.6","","","","","","4.6","3.0","3.2","","3.2","11.5","10.156250000000005"
"539","4","CIP308328.121","17.9","2012-02-03","79.0","3.0","9.2","8.6","5.4","","","","","7.0","2.9","3.0","4.5","3.75","16.5","7.821229050279323"
"540","5","CIP308328.121","10.4","2012-02-10","86.0","2.0","5.3","4.3","","","","","","4.3","2.5","2.3","","2.3","9.1","12.500000000000005"
"541","1","CIP308328.102","29.9","2012-02-10","86.0","1.0","5.8","","","","","","","","6.68","","","","29.5","1.3377926421404636"
"542","2","CIP308328.102","22.2","2012-02-10","86.0","1.0","6.3","","","","","","","","6.56","","","","21.5","3.1531531531531503"
"543","3","CIP308328.102","27.3","2012-02-10","86.0","1.0","7.9","","","","","","","","8.36","","","","26.9","1.465201465201473"
"544","4","CIP308328.102","26.9","2012-02-10","86.0","1.0","5.3","","","","","","","","5.56","","","","26.5","1.486988847583638"
"545","5","CIP308328.102","19.9","2012-02-13","89.0","1.0","5.3","","","","","","","","5.58","","","","19.4","2.512562814070352"
"546","1","CIP308328.195","5.0","2012-02-13","89.0","1.0","2.3","","","","","","","","2.0","","","","3.9","22.000000000000004"
"547","2","CIP308328.195","6.2","2012-02-13","89.0","1.0","2.5","","","","","","","","1.2","","","","5.8","6.451612903225811"
"548","3","CIP308328.195","4.6","2012-02-13","89.0","1.0","2.3","","","","","","","","2.0","","","","4.0","13.04347826086956"
"549","4","CIP308328.195","4.1","2012-02-13","89.0","1.0","2.8","","","","","","","","2.1","","","","3.1","24.390243902439014"
"550","5","CIP308328.195","3.1","2012-02-12","88.0","1.0","3.1","","","","","","","","2.5","","","","2.0","35.483870967741936"
"551","1","CIP308328.194","18.7","2012-02-12","88.0","1.0","8.5","","","","","","","","3.6","","","","15.2","18.71657754010695"
"552","2","CIP308328.194","13.4","2012-02-12","88.0","1.0","7.6","","","","","","","","4.5","","","","9.9","26.119402985074625"
"553","3","CIP308328.194","11.4","2012-02-12","88.0","2.0","9.6","5.6","","","","","","5.6","3.5","2.6","","2.6","7.8","31.578947368421055"
"554","4","CIP308328.194","7.6","2012-01-12","57.0","1.0","7.9","","","","","","","","3.8","","","","4.1","46.05263157894737"
"555","5","CIP308328.194","6.4","2012-01-26","71.0","1.0","8.3","","","","","","","","4.2","","","","2.9","54.6875"
"556","1","CIP308328.27","14.3","2012-01-26","71.0","1.0","4.81","","","","","","","","1.94","","","","13.33","6.783216783216788"
"557","2","CIP308328.27","9.1","2012-01-26","71.0","3.0","8.53","7.15","5.13","","","","","6.140000000000001","3.72","3.28","2.75","3.0149999999999997","6.28","30.989010989010985"
"558","3","CIP308328.27","19.7","2012-01-26","71.0","1.0","7.43","","","","","","","","4.11","","","","17.85","9.390862944162425"
"559","4","CIP308328.27","10.7","2012-01-26","71.0","1.0","6.82","","","","","","","","3.76","","","","9.27","13.36448598130841"
"560","5","CIP308328.27","14.0","2012-01-26","71.0","1.0","3.57","","","","","","","","1.81","","","","12.95","7.500000000000005"
"561","1","CIP308328.35","29.6","2012-01-26","71.0","2.0","5.58","3.92","","","","","","3.92","3.38","2.14","","2.14","27.52","7.027027027027033"
"562","2","CIP308328.35","26.8","2012-01-26","71.0","2.0","6.75","2.87","","","","","","2.87","2.92","1.94","","1.94","24.87","7.201492537313432"
"563","3","CIP308328.35","17.5","2012-01-26","71.0","2.0","4.58","3.44","","","","","","3.44","1.63","2.51","","2.51","16.2","7.428571428571433"
"564","4","CIP308328.35","30.4","2012-01-26","71.0","1.0","5.36","","","","","","","","2.06","","","","28.77","5.361842105263155"
"565","5","CIP308328.35","17.5","2012-01-26","71.0","2.0","5.72","5.72","","","","","","5.72","2.89","2.75","","2.75","15.91","9.085714285714284"
"566","1","CIP308328.33","24.9","2012-01-26","71.0","1.0","7.21","","","","","","","","5.4","","","","22.03","11.526104417670673"
"567","2","CIP308328.33","33.7","2012-01-26","71.0","1.0","9.04","","","","","","","","4.05","","","","32.28","4.213649851632052"
"568","3","CIP308328.33","20.0","2012-01-26","71.0","1.0","11.77","","","","","","","","3.5","","","","18.57","7.149999999999998"
"569","4","CIP308328.33","42.6","2012-02-26","102.0","2.0","9.43","5.42","","","","","","5.42","5.48","2.8","","2.8","40.38","5.2112676056338"
"570","5","CIP308328.33","36.7","2012-02-08","84.0","1.0","6.04","","","","","","","","5.27","","","","34.59","5.749318801089917"
"571","1","CIP308328.225","51.4","2012-02-08","84.0","1.0","3.5","","","","","","","","2.6","","","","50.2","2.3346303501945442"
"572","2","CIP308328.225","60.2","2012-02-08","84.0","1.0","4.2","","","","","","","","5.3","","","","59.4","1.3289036544850568"
"573","3","CIP308328.225","70.5","2012-02-08","84.0","1.0","3.6","","","","","","","","3.4","","","","69.3","1.7021276595744723"
"574","4","CIP308328.225","43.1","2012-01-08","53.0","1.0","4.2","","","","","","","","3.2","","","","41.9","2.784222737819032"
"575","5","CIP308328.225","49.6","2012-01-26","71.0","1.0","3.1","","","","","","","","2.9","","","","48.4","2.4193548387096833"
"576","1","CIP703825","100.3","2012-01-26","71.0","1.0","5.56","","","","","","","","4.54","","","","94.12","6.161515453639075"
"577","2","CIP703825","55.8","2012-01-26","71.0","1.0","3.17","","","","","","","","1.91","","","","52.29","6.290322580645158"
"578","3","CIP703825","69.1","2012-01-26","71.0","2.0","8.72","4.31","","","","","","4.31","4.07","2.84","","2.84","63.96","7.438494934876981"
"579","4","CIP703825","66.0","2012-01-26","71.0","1.0","4.66","","","","","","","","1.9","","","","61.79","6.37878787878788"
"580","5","CIP703825","47.0","2012-01-26","71.0","1.0","2.7","","","","","","","","3.26","","","","42.77","8.999999999999993"
"581","1","CIP308328.223","31.6","2012-01-26","71.0","1.0","8.5","","","","","","","","4.54","","","","30.14","4.620253164556964"
"582","2","CIP308328.223","20.1","2012-01-26","71.0","1.0","4.48","","","","","","","","3.68","","","","19.3","3.9800995024875654"
"583","3","CIP308328.223","37.1","2012-01-26","71.0","1.0","6.03","","","","","","","","4.18","","","","35.42","4.528301886792452"
"584","4","CIP308328.223","19.1","2012-01-26","71.0","1.0","5.0","","","","","","","","3.11","","","","18.23","4.554973821989534"
"585","5","CIP308328.223","24.9","2012-01-26","71.0","2.0","5.54","5.27","","","","","","5.27","3.6","3.25","","3.25","22.09","11.28514056224899"
"586","1","CIP308328.139","25.1","2012-01-26","71.0","2.0","4.54","3.3","","","","","","3.3","2.37","2.0","","2.0","23.65","5.776892430278895"
"587","2","CIP308328.139","14.6","2012-01-26","71.0","2.0","4.79","4.79","","","","","","4.79","2.02","1.9","","1.9","12.53","14.178082191780824"
"588","3","CIP308328.139","10.9","2012-01-26","71.0","1.0","4.5","","","","","","","","1.85","","","","10.05","7.798165137614675"
"589","4","CIP308328.139","12.0","2012-01-26","71.0","1.0","3.68","","","","","","","","2.34","","","","11.24","6.333333333333331"
"590","5","CIP308328.139","24.1","2012-01-26","71.0","1.0","6.11","","","","","","","","3.71","","","","21.94","8.962655601659751"
"591","1","CIP308328.211","28.3","2012-01-26","71.0","1.0","4.49","","","","","","","","4.49","","","","26.87","5.053003533568903"
"592","2","CIP308328.211","20.8","2012-01-26","71.0","1.0","5.07","","","","","","","","2.84","","","","19.72","5.1923076923077005"
"593","3","CIP308328.211","19.4","2012-01-26","71.0","1.0","2.84","","","","","","","","2.92","","","","18.49","4.690721649484537"
"594","4","CIP308328.211","41.7","2012-02-26","102.0","3.0","4.77","2.39","3.65","","","","","3.02","2.59","1.27","2.65","1.96","39.33","5.683453237410083"
"595","5","CIP308328.211","25.7","2012-02-27","103.0","3.0","3.96","3.96","3.33","","","","","3.645","3.08","3.33","2.19","2.76","23.9","7.00389105058366"
"596","1","CIP308328.207","15.1","2012-02-27","103.0","1.0","3.39","","","","","","","","2.4","","","","14.35","4.966887417218543"
"597","2","CIP308328.207","20.6","2012-02-27","103.0","1.0","3.99","","","","","","","","1.8","","","","19.8","3.883495145631071"
"598","3","CIP308328.207","15.8","2012-01-27","72.0","1.0","2.95","","","","","","","","1.5","","","","15.0","5.06329113924051"
"599","4","CIP308328.207","15.1","2012-01-26","71.0","1.0","2.97","","","","","","","","1.2","","","","14.36","4.90066225165563"
"600","1","CIP308328.106","9.4","2012-01-26","71.0","1.0","7.27","","","","","","","","4.59","","","","8.5","9.574468085106387"
"601","2","CIP308328.106","10.2","2012-01-26","71.0","1.0","11.59","","","","","","","","4.5","","","","9.15","10.294117647058814"
"602","3","CIP308328.106","11.5","2012-01-26","71.0","1.0","10.78","","","","","","","","3.66","","","","10.64","7.4782608695652115"
"603","4","CIP308328.106","12.1","2012-01-26","71.0","1.0","12.43","","","","","","","","4.35","","","","11.01","9.008264462809915"
"604","5","CIP308328.106","11.7","2012-01-26","71.0","2.0","7.93","4.21","","","","","","4.21","3.63","2.11","","2.11","10.87","7.0940170940170955"
"605","1","CIP308328.226","23.2","2012-01-26","71.0","3.0","20.5","11.76","5.98","","","","","8.870000000000001","2.18","2.57","1.59","2.08","23.0","0.8620689655172384"
"606","2","CIP308328.226","35.3","2012-01-26","71.0","3.0","37.97","28.95","28.95","","","","","28.95","1.61","0.95","1.77","1.3599999999999999","32.04","9.235127478753537"
"607","3","CIP308328.226","17.3","2012-03-26","131.0","1.0","19.51","","","","","","","","2.1","","","","15.51","10.346820809248559"
"608","5","CIP308328.226","45.2","2012-03-19","124.0","2.0","8.03","5.73","","","","","","5.73","3.93","2.79","","2.79","42.52","5.929203539823008"
"609","1","CIP308328.60","6.0","2012-03-19","124.0","1.0","2.3","","","","","","","","2.6","","","","5.9","1.6666666666666607"
"610","4","CIP308328.60","16.2","2012-01-19","64.0","1.0","2.2","","","","","","","","2.4","","","","16.0","1.2345679012345634"
"611","5","CIP308328.60","11.1","2012-01-27","72.0","1.0","2.8","","","","","","","","1.9","","","","11.0","0.9009009009008978"
"612","1","CIP308328.74","15.9","2012-01-27","72.0","1.0","4.13","","","","","","","","2.13","","","","14.74","7.295597484276731"
"613","2","CIP308328.74","19.4","2012-01-27","72.0","1.0","4.34","","","","","","","","2.6","","","","18.09","6.752577319587623"
"614","3","CIP308328.74","16.4","2012-01-27","72.0","2.0","4.83","3.16","","","","","","3.16","2.62","1.54","","1.54","14.8","9.756097560975597"
"615","4","CIP308328.74","25.5","2012-03-27","132.0","3.0","4.94","3.1","1.64","","","","","2.37","3.15","1.08","1.43","1.255","23.54","7.686274509803925"
"616","5","CIP308328.74","27.4","2012-03-19","124.0","1.0","2.8","","","","","","","","1.89","","","","24.03","12.299270072992693"
"617","2","CIP308328.149","3.7","2012-03-19","124.0","1.0","2.1","","","","","","","","1.8","","","","2.8","24.324324324324333"
"618","3","CIP308328.149","3.8","2012-01-19","64.0","1.0","2.0","","","","","","","","2.0","","","","2.94","22.631578947368418"
"619","5","CIP308328.149","5.2","2012-01-27","72.0","1.0","2.3","","","","","","","","1.9","","","","4.3","17.307692307692314"
"620","1","CIP308328.1","10.1","2012-01-27","72.0","1.0","1.99","","","","","","","","1.16","","","","9.55","5.445544554455435"
"621","2","CIP308328.1","15.7","2012-01-27","72.0","1.0","2.64","","","","","","","","1.68","","","","15.06","4.0764331210191"
"622","3","CIP308328.1","21.3","2012-01-27","72.0","1.0","10.85","","","","","","","","4.66","","","","20.04","5.915492957746486"
"623","4","CIP308328.1","11.9","2012-01-27","72.0","1.0","8.05","","","","","","","","3.91","","","","11.18","6.050420168067232"
"624","5","CIP308328.1","10.7","2012-01-27","72.0","1.0","1.99","","","","","","","","1.12","","","","10.23","4.392523364485971"
"625","1","CIP308328.162","10.9","2012-01-27","72.0","1.0","6.51","","","","","","","","2.61","","","","9.78","10.275229357798175"
"626","2","CIP308328.162","6.7","2012-01-27","72.0","2.0","7.52","6.27","","","","","","6.27","3.3","3.04","","3.04","5.79","13.582089552238807"
"627","3","CIP308328.162","10.7","2012-01-27","72.0","1.0","7.51","","","","","","","","2.1","","","","9.39","12.242990654205595"
"628","4","CIP308328.162","8.6","2012-01-27","72.0","1.0","5.64","","","","","","","","1.84","","","","7.41","13.837209302325576"
"629","5","CIP308328.162","6.7","2012-01-27","72.0","1.0","2.2","","","","","","","","1.13","","","","5.66","15.522388059701491"
"630","1","CIP308328.146","7.8","2012-01-27","72.0","1.0","1.86","","","","","","","","1.19","","","","7.32","6.153846153846148"
"631","2","CIP308328.146","3.9","2012-01-27","72.0","1.0","3.21","","","","","","","","1.02","","","","3.57","8.461538461538463"
"632","3","CIP308328.146","7.5","2012-01-27","72.0","1.0","3.83","","","","","","","","1.7","","","","7.1","5.3333333333333375"
"633","4","CIP308328.146","9.5","2012-03-27","132.0","1.0","4.0","","","","","","","","2.91","","","","8.97","5.578947368421046"
"634","5","CIP308328.146","7.8","2012-03-09","114.0","2.0","3.91","3.49","","","","","","3.49","2.47","2.18","","2.18","7.28","6.666666666666661"
"635","1","CIP308328.167","26.1","2012-03-09","114.0","1.0","2.7","","","","","","","","1.16","","","","18.3","29.88505747126437"
"636","2","CIP308328.167","24.9","2012-03-09","114.0","1.0","2.6","","","","","","","","1.68","","","","17.1","31.32530120481927"
"637","3","CIP308328.167","22.0","2012-03-09","114.0","1.0","3.67","","","","","","","","1.84","","","","14.2","35.45454545454545"
"638","4","CIP308328.167","31.7","2012-01-09","54.0","1.0","3.91","","","","","","","","1.13","","","","23.9","24.60567823343849"
"639","5","CIP308328.167","20.7","2012-01-27","72.0","1.0","2.67","","","","","","","","1.19","","","","12.9","37.68115942028985"
"640","1","CIP308328.148","18.4","2012-01-27","72.0","3.0","3.61","3.23","2.4","","","","","2.815","2.7","2.17","1.33","1.75","17.18","6.630434782608689"
"641","2","CIP308328.148","12.3","2012-01-27","72.0","3.0","1.43","1.06","1.06","","","","","1.06","2.6","1.77","1.01","1.3900000000000001","11.47","6.747967479674796"
"642","3","CIP308328.148","16.0","2012-01-27","72.0","2.0","1.77","1.28","","","","","","1.28","1.25","0.81","","0.81","15.1","5.625000000000002"
"643","4","CIP308328.148","13.2","2012-01-27","72.0","2.0","4.26","3.67","","","","","","3.67","2.57","3.03","","3.03","12.56","4.84848484848484"
"644","5","CIP308328.148","16.6","2012-01-27","72.0","2.0","2.43","1.83","","","","","","1.83","1.21","0.8","","0.8","15.83","4.638554216867478"
"645","1","CIP308328.175","35.3","2012-01-27","72.0","1.0","4.49","","","","","","","","2.38","","","","33.55","4.957507082152975"
"646","2","CIP308328.175","15.7","2012-01-27","72.0","2.0","4.99","3.65","","","","","","3.65","2.71","1.95","","1.95","14.39","8.34394904458598"
"647","3","CIP308328.175","25.3","2012-01-27","72.0","3.0","6.42","3.69","2.24","","","","","2.965","2.31","1.21","1.54","1.375","23.56","6.877470355731233"
"648","4","CIP308328.175","13.6","2012-03-27","132.0","1.0","7.03","","","","","","","","4.16","","","","12.64","7.058823529411757"
"649","5","CIP308328.175","12.9","2012-03-09","114.0","1.0","4.67","","","","","","","","2.3","","","","12.02","6.821705426356594"
"650","1","CIP308328.215","13.1","2012-03-09","114.0","1.0","3.0","","","","","","","","2.3","","","","12.5","4.580152671755722"
"651","2","CIP308328.215","16.9","2012-03-09","114.0","1.0","2.0","","","","","","","","2.5","","","","16.3","3.550295857988153"
"652","3","CIP308328.215","28.8","2012-03-09","114.0","1.0","2.3","","","","","","","","2.1","","","","28.2","2.083333333333338"
"653","4","CIP308328.215","21.3","2012-01-09","54.0","1.0","2.1","","","","","","","","2.4","","","","20.3","4.694835680751173"
"654","5","CIP308328.215","26.3","2012-01-27","72.0","1.0","1.5","","","","","","","","1.5","","","","25.7","2.281368821292781"
"655","1","CIP308328.222","4.6","2012-01-27","72.0","1.0","3.42","","","","","","","","1.51","","","","4.27","7.1739130434782625"
"656","2","CIP308328.222","10.6","2012-01-27","72.0","1.0","9.84","","","","","","","","3.22","","","","9.33","11.981132075471693"
"657","3","CIP308328.222","6.5","2012-01-27","72.0","2.0","","2.85","2.72","","","","","2.785","","1.69","1.0","1.345","5.94","8.61538461538461"
"658","4","CIP308328.222","5.4","2012-02-27","103.0","1.0","4.35","","","","","","","","0.95","","","","4.97","7.9629629629629735"
"659","5","CIP308328.222","4.4","2012-02-27","103.0","2.0","3.47","1.87","","","","","","1.87","1.19","0.89","","0.89","3.83","12.95454545454546"
"660","1","CIP308328.61","13.9","2012-02-27","103.0","1.0","2.8","","","","","","","","2.6","","","","13.2","5.0359712230215905"
"661","2","CIP308328.61","9.6","2012-02-27","103.0","1.0","2.6","","","","","","","","2.9","","","","8.9","7.29166666666666"
"662","3","CIP308328.61","14.4","2012-02-27","103.0","1.0","3.0","","","","","","","","3.0","","","","13.7","4.861111111111118"
"663","4","CIP308328.61","10.0","2012-03-27","132.0","1.0","2.0","","","","","","","","2.0","","","","9.4","5.9999999999999964"
"664","5","CIP308328.61","14.6","2012-03-09","114.0","1.0","2.44","","","","","","","","2.3","","","","14.0","4.109589041095888"
"665","1","CIP308328.217","8.2","2012-03-09","114.0","1.0","2.3","","","","","","","","2.1","","","","7.6","7.317073170731704"
"666","2","CIP308328.217","11.0","2012-03-09","114.0","1.0","2.5","","","","","","","","1.5","","","","10.4","5.4545454545454515"
"667","3","CIP308328.217","16.8","2012-03-09","114.0","1.0","2.1","","","","","","","","1.3","","","","16.2","3.5714285714285796"
"668","4","CIP308328.217","10.0","2012-01-09","54.0","1.0","2.4","","","","","","","","1.6","","","","9.6","4.0000000000000036"
"669","5","CIP308328.217","11.9","2012-01-27","72.0","1.0","2.2","","","","","","","","1.9","","","","11.3","5.042016806722685"
"670","1","CIP308328.17","8.4","2012-01-27","72.0","3.0","4.76","2.59","2.59","","","","","2.59","2.67","1.04","1.22","1.13","7.5","10.714285714285717"
"671","2","CIP308328.17","12.0","2012-01-27","72.0","1.0","5.54","","","","","","","","3.08","","","","10.88","9.333333333333327"
"672","3","CIP308328.17","5.7","2012-01-27","72.0","1.0","1.91","","","","","","","","1.0","","","","5.34","6.315789473684216"
"673","4","CIP308328.17","11.4","2012-01-27","72.0","1.0","5.27","","","","","","","","2.65","","","","10.52","7.719298245614041"
"674","5","CIP308328.17","8.3","2012-01-27","72.0","1.0","1.83","","","","","","","","1.27","","","","7.87","5.180722891566272"
"675","1","CIP308328.169","24.7","2012-01-27","72.0","1.0","6.28","","","","","","","","2.99","","","","22.27","9.838056680161943"
"676","2","CIP308328.169","25.4","2012-01-27","72.0","1.0","7.36","","","","","","","","4.53","","","","23.52","7.401574803149604"
"677","3","CIP308328.169","32.5","2012-01-27","72.0","1.0","7.04","","","","","","","","4.34","","","","29.91","7.9692307692307685"
"678","4","CIP308328.169","15.8","2012-01-27","72.0","1.0","5.28","","","","","","","","3.78","","","","13.87","12.215189873417732"
"679","5","CIP308328.169","32.2","2012-01-27","72.0","2.0","8.7","6.21","","","","","","6.21","5.73","4.41","","4.41","30.29","5.931677018633551"
"680","1","CIP308328.71","53.5","2012-01-27","72.0","1.0","5.72","","","","","","","","3.56","","","","50.51","5.588785046728976"
"681","2","CIP308328.71","44.9","2012-01-27","72.0","1.0","3.56","","","","","","","","2.09","","","","41.4","7.795100222717149"
"682","3","CIP308328.71","47.8","2012-01-27","72.0","1.0","6.07","","","","","","","","5.12","","","","44.72","6.4435146443514615"
"683","4","CIP308328.71","50.8","2012-01-27","72.0","2.0","2.85","2.85","","","","","","2.85","2.62","1.7","","1.7","47.41","6.673228346456694"
"684","5","CIP308328.71","68.8","2012-01-27","72.0","1.0","4.7","","","","","","","","2.11","","","","66.11","3.9098837209302295"
"685","1","CIP308328.178","10.3","2012-01-27","72.0","1.0","2.28","","","","","","","","2.03","","","","9.54","7.3786407766990445"
"686","2","CIP308328.178","13.7","2012-01-27","72.0","3.0","8.88","5.69","5.27","","","","","5.48","3.7","2.19","1.98","2.085","12.1","11.67883211678832"
"687","3","CIP308328.178","10.8","2012-01-27","72.0","2.0","15.0","7.64","","","","","","7.64","1.62","2.19","","2.19","9.82","9.074074074074078"
"688","4","CIP308328.178","17.8","2012-02-27","103.0","1.0","12.05","","","","","","","","2.53","","","","15.34","13.820224719101128"
"689","5","CIP308328.178","25.2","2012-02-20","96.0","3.0","3.98","3.27","2.17","","","","","2.7199999999999998","3.21","1.65","2.15","1.9","23.62","6.269841269841263"
"690","1","CIP308328.173","12.0","2012-02-20","96.0","1.0","5.6","","","","","","","","5.9","","","","10.22","14.833333333333329"
"691","2","CIP308328.173","21.0","2012-02-20","96.0","1.0","2.3","","","","","","","","2.4","","","","19.1","9.04761904761904"
"692","3","CIP308328.173","13.3","2012-02-20","96.0","1.0","2.3","","","","","","","","1.9","","","","11.5","13.53383458646617"
"693","4","CIP308328.173","11.2","2012-02-20","96.0","1.0","2.1","","","","","","","","2.6","","","","9.5","15.178571428571422"
"694","5","CIP308328.173","23.4","2012-02-20","96.0","1.0","6.8","","","","","","","","6.8","","","","21.3","8.974358974358966"
